route,sourceFile,currentArea,targetSuite,function,purpose,primaryUsers,permissions,scope,kind,apiDependencies,workflowDependencies,sharedComponents,loadingState,emptyState,errorState,forbiddenState,search,filtering,sorting,pagination,savedViews,responsive,accessibility,relatedRecords,record360,mobileRequirement,implementationState,verificationState,uxClass,decision,migrationWave,directSourceLines
"/admin/access","apps/web/app/admin/access/page.tsx","admin","Administration & Governance","Access","Access administration and governance","Administrators; security; auditors; platform owners","API guard-derived permissions; page-level visibility NOT VERIFIED","tenant + organization","configuration","/api/... | /api/admin/access | /api/admin/access/grants | /api/admin/access/grants?userId=${encodeURIComponent | /api/admin/access/roles | /api/admin/mfa?account=${encodeURIComponent | /api/v1/ | /api/v1/... | /api/workspace/users","Detected in UI source; verify against domain state machine","admin-chrome | roles-admin-client","apps/web/app/admin/loading.tsx","PRESENT_SIGNAL_NOT_VERIFIED","apps/web/app/admin/error.tsx","NOT_VERIFIED","MISSING_OR_NA","PRESENT_SIGNAL_NOT_VERIFIED","MISSING_OR_NA","MISSING_OR_NA","MISSING_OR_NA","FLUID_ONLY","SEMANTIC_SIGNAL_NOT_VERIFIED","LINK_SIGNAL_NOT_VERIFIED","N/A_OR_REVIEW","STANDARD","IMPLEMENTED_PAGE_SURFACE","NOT_VERIFIED_TO_PAGE_DOD","B_EXISTS_UX_WEAK","CONSOLIDATE_IN_ADMIN_SUITE","8_REMAINING_SUITES","57"
"/admin/ai","apps/web/app/admin/ai/page.tsx","admin","Administration & Governance","Ai","Ai administration and governance","Administrators; security; auditors; platform owners","API guard-derived permissions; page-level visibility NOT VERIFIED","tenant + organization","configuration","/api/... | /api/admin/platform/ai | /api/admin/platform/ai/agents/toggle | /api/admin/platform/ai/agents/update | /api/admin/platform/ai/autonomy/thresholds | /api/admin/platform/ai/guardrails | /api/admin/platform/ai/marketplace/install | /api/admin/platform/ai/workflow/approve-gate | /api/admin/platform/ai/workflow/start | /api/v1/ | /api/v1/...","Detected in UI source; verify against domain state machine","admin-chrome | ai-admin-client","apps/web/app/admin/loading.tsx","PRESENT_SIGNAL_NOT_VERIFIED","apps/web/app/admin/error.tsx","NOT_VERIFIED","MISSING_OR_NA","PRESENT_SIGNAL_NOT_VERIFIED","MISSING_OR_NA","MISSING_OR_NA","MISSING_OR_NA","FLUID_ONLY","SEMANTIC_SIGNAL_NOT_VERIFIED","LINK_SIGNAL_NOT_VERIFIED","N/A_OR_REVIEW","STANDARD","IMPLEMENTED_PAGE_SURFACE","NOT_VERIFIED_TO_PAGE_DOD","B_EXISTS_UX_WEAK","CONSOLIDATE_IN_ADMIN_SUITE","8_REMAINING_SUITES","136"
"/admin/approval-matrix","apps/web/app/admin/approval-matrix/page.tsx","admin","Administration & Governance","Approval Matrix","Approval Matrix administration and governance","Administrators; security; auditors; platform owners","API guard-derived permissions; page-level visibility NOT VERIFIED","tenant + organization","configuration","/api/... | /api/admin/access | /api/admin/approval-matrix | /api/admin/approval-matrix?entityType=${encodeURIComponent | /api/admin/approval-matrix?entityType=purchase-request | /api/v1/ | /api/v1/...","Detected in UI source; verify against domain state machine","admin-chrome | approval-matrix-client","apps/web/app/admin/loading.tsx","PRESENT_SIGNAL_NOT_VERIFIED","apps/web/app/admin/error.tsx","NOT_VERIFIED","MISSING_OR_NA","PRESENT_SIGNAL_NOT_VERIFIED","PRESENT_SIGNAL_NOT_VERIFIED","MISSING_OR_NA","MISSING_OR_NA","FLUID_ONLY","SEMANTIC_SIGNAL_NOT_VERIFIED","LINK_SIGNAL_NOT_VERIFIED","N/A_OR_REVIEW","STANDARD","IMPLEMENTED_PAGE_SURFACE","NOT_VERIFIED_TO_PAGE_DOD","B_EXISTS_UX_WEAK","CONSOLIDATE_IN_ADMIN_SUITE","8_REMAINING_SUITES","41"
"/admin/audit","apps/web/app/admin/audit/page.tsx","admin","Administration & Governance","Audit","Audit administration and governance","Administrators; security; auditors; platform owners","API guard-derived permissions; page-level visibility NOT VERIFIED","tenant + organization","configuration","/api/audit/csv?${new | /api/audit?${params.toString","Detected in UI source; verify against domain state machine","audit-browser-client","apps/web/app/admin/loading.tsx","PRESENT_SIGNAL_NOT_VERIFIED","apps/web/app/admin/error.tsx","NOT_VERIFIED","PRESENT_SIGNAL_NOT_VERIFIED","PRESENT_SIGNAL_NOT_VERIFIED","MISSING_OR_NA","PRESENT_SIGNAL_NOT_VERIFIED","MISSING_OR_NA","NONE","SEMANTIC_SIGNAL_NOT_VERIFIED","LINK_SIGNAL_NOT_VERIFIED","N/A_OR_REVIEW","STANDARD","IMPLEMENTED_PAGE_SURFACE","NOT_VERIFIED_TO_PAGE_DOD","B_EXISTS_UX_WEAK","CONSOLIDATE_IN_ADMIN_SUITE","8_REMAINING_SUITES","8"
"/admin/calendar","apps/web/app/admin/calendar/page.tsx","admin","Administration & Governance","Calendar","Calendar administration and governance","Administrators; security; auditors; platform owners","API guard-derived permissions; page-level visibility NOT VERIFIED","tenant + organization","configuration","/api/... | /api/admin/calendar | /api/admin/calendar/${encodeURIComponent | /api/v1/ | /api/v1/...","Detected in UI source; verify against domain state machine","admin-chrome | calendar-admin-client","apps/web/app/admin/loading.tsx","PRESENT_SIGNAL_NOT_VERIFIED","apps/web/app/admin/error.tsx","NOT_VERIFIED","MISSING_OR_NA","PRESENT_SIGNAL_NOT_VERIFIED","PRESENT_SIGNAL_NOT_VERIFIED","MISSING_OR_NA","MISSING_OR_NA","FLUID_ONLY","SEMANTIC_SIGNAL_NOT_VERIFIED","LINK_SIGNAL_NOT_VERIFIED","N/A_OR_REVIEW","STANDARD","IMPLEMENTED_PAGE_SURFACE","NOT_VERIFIED_TO_PAGE_DOD","B_EXISTS_UX_WEAK","CONSOLIDATE_IN_ADMIN_SUITE","8_REMAINING_SUITES","50"
"/admin/connectors","apps/web/app/admin/connectors/page.tsx","admin","Administration & Governance","Connectors","Connectors administration and governance","Administrators; security; auditors; platform owners","API guard-derived permissions; page-level visibility NOT VERIFIED","tenant + organization","configuration","/api/... | /api/admin/connectors | /api/admin/connectors/${encodeURIComponent | /api/v1/ | /api/v1/...","Detected in UI source; verify against domain state machine","admin-chrome | connectors-admin-client","apps/web/app/admin/loading.tsx","PRESENT_SIGNAL_NOT_VERIFIED","apps/web/app/admin/error.tsx","NOT_VERIFIED","MISSING_OR_NA","PRESENT_SIGNAL_NOT_VERIFIED","MISSING_OR_NA","MISSING_OR_NA","MISSING_OR_NA","FLUID_ONLY","SEMANTIC_SIGNAL_NOT_VERIFIED","LINK_SIGNAL_NOT_VERIFIED","N/A_OR_REVIEW","STANDARD","IMPLEMENTED_PAGE_SURFACE","NOT_VERIFIED_TO_PAGE_DOD","B_EXISTS_UX_WEAK","CONSOLIDATE_IN_ADMIN_SUITE","8_REMAINING_SUITES","39"
"/admin/data","apps/web/app/admin/data/page.tsx","admin","Administration & Governance","Data","Data administration and governance","Administrators; security; auditors; platform owners","API guard-derived permissions; page-level visibility NOT VERIFIED","tenant + organization","configuration","/api/admin/platform/archive-run | /api/admin/platform/data-lifecycle | /api/admin/platform/seed-demo | /api/admin/settings | /api/audit/csv | /api/finance/accounts/import | /api/finance/ap-aging/csv | /api/finance/ar-aging/csv | /api/finance/invoices/csv","Detected in UI source; verify against domain state machine","admin-chrome | data-admin-client","apps/web/app/admin/loading.tsx","PRESENT_SIGNAL_NOT_VERIFIED","apps/web/app/admin/error.tsx","NOT_VERIFIED","MISSING_OR_NA","PRESENT_SIGNAL_NOT_VERIFIED","MISSING_OR_NA","MISSING_OR_NA","MISSING_OR_NA","FLUID_ONLY","SEMANTIC_SIGNAL_NOT_VERIFIED","LINK_SIGNAL_NOT_VERIFIED","N/A_OR_REVIEW","STANDARD","IMPLEMENTED_PAGE_SURFACE","NOT_VERIFIED_TO_PAGE_DOD","B_EXISTS_UX_WEAK","CONSOLIDATE_IN_ADMIN_SUITE","8_REMAINING_SUITES","28"
"/admin/feature-flags","apps/web/app/admin/feature-flags/page.tsx","admin","Administration & Governance","Feature Flags","Feature Flags administration and governance","Administrators; security; auditors; platform owners","API guard-derived permissions; page-level visibility NOT VERIFIED","tenant + organization","configuration","/api/... | /api/admin/feature-flags | /api/v1/ | /api/v1/...","Detected in UI source; verify against domain state machine","admin-chrome | feature-flags-admin-client","apps/web/app/admin/loading.tsx","PRESENT_SIGNAL_NOT_VERIFIED","apps/web/app/admin/error.tsx","NOT_VERIFIED","MISSING_OR_NA","PRESENT_SIGNAL_NOT_VERIFIED","MISSING_OR_NA","MISSING_OR_NA","MISSING_OR_NA","FLUID_ONLY","SEMANTIC_SIGNAL_NOT_VERIFIED","LINK_SIGNAL_NOT_VERIFIED","N/A_OR_REVIEW","STANDARD","IMPLEMENTED_PAGE_SURFACE","NOT_VERIFIED_TO_PAGE_DOD","B_EXISTS_UX_WEAK","CONSOLIDATE_IN_ADMIN_SUITE","8_REMAINING_SUITES","41"
"/admin/forms","apps/web/app/admin/forms/page.tsx","admin","Administration & Governance","Forms","Forms administration and governance","Administrators; security; auditors; platform owners","API guard-derived permissions; page-level visibility NOT VERIFIED","tenant + organization","configuration","/api/... | /api/admin/forms | /api/admin/forms/${encodeURIComponent | /api/v1/ | /api/v1/...","Detected in UI source; verify against domain state machine","admin-chrome | forms-admin-client","apps/web/app/admin/loading.tsx","PRESENT_SIGNAL_NOT_VERIFIED","apps/web/app/admin/error.tsx","NOT_VERIFIED","MISSING_OR_NA","PRESENT_SIGNAL_NOT_VERIFIED","MISSING_OR_NA","MISSING_OR_NA","MISSING_OR_NA","FLUID_ONLY","SEMANTIC_SIGNAL_NOT_VERIFIED","LINK_SIGNAL_NOT_VERIFIED","N/A_OR_REVIEW","STANDARD","IMPLEMENTED_PAGE_SURFACE","NOT_VERIFIED_TO_PAGE_DOD","B_EXISTS_UX_WEAK","CONSOLIDATE_IN_ADMIN_SUITE","8_REMAINING_SUITES","50"
"/admin/health","apps/web/app/admin/health/page.tsx","admin","Administration & Governance","Health","Health administration and governance","Administrators; security; auditors; platform owners","API guard-derived permissions; page-level visibility NOT VERIFIED","tenant + organization","configuration","/api/... | /api/admin/webhooks | /api/admin/webhooks/deliveries | /api/events | /api/events/dead-letters | /api/v1/ | /api/v1/...","Detected in UI source; verify against domain state machine","admin-chrome","apps/web/app/admin/loading.tsx","PRESENT_SIGNAL_NOT_VERIFIED","apps/web/app/admin/error.tsx","NOT_VERIFIED","MISSING_OR_NA","PRESENT_SIGNAL_NOT_VERIFIED","MISSING_OR_NA","MISSING_OR_NA","MISSING_OR_NA","FLUID_ONLY","SEMANTIC_SIGNAL_NOT_VERIFIED","LINK_SIGNAL_NOT_VERIFIED","N/A_OR_REVIEW","STANDARD","IMPLEMENTED_PAGE_SURFACE","NOT_VERIFIED_TO_PAGE_DOD","B_EXISTS_UX_WEAK","CONSOLIDATE_IN_ADMIN_SUITE","8_REMAINING_SUITES","187"
"/admin/intelligence","apps/web/app/admin/intelligence/page.tsx","admin","Administration & Governance","Intelligence","Intelligence administration and governance","Administrators; security; auditors; platform owners","API guard-derived permissions; page-level visibility NOT VERIFIED","tenant + organization","configuration","/api/... | /api/intelligence/calibrations | /api/intelligence/proposals | /api/intelligence/proposals/${id}/${action} | /api/v1/ | /api/v1/...","Detected in UI source; verify against domain state machine","intelligence-panel","apps/web/app/admin/loading.tsx","PRESENT_SIGNAL_NOT_VERIFIED","apps/web/app/admin/error.tsx","NOT_VERIFIED","MISSING_OR_NA","PRESENT_SIGNAL_NOT_VERIFIED","MISSING_OR_NA","MISSING_OR_NA","MISSING_OR_NA","FLUID_ONLY","SEMANTIC_SIGNAL_NOT_VERIFIED","MISSING_OR_NA","N/A_OR_REVIEW","STANDARD","IMPLEMENTED_PAGE_SURFACE","NOT_VERIFIED_TO_PAGE_DOD","B_EXISTS_UX_WEAK","CONSOLIDATE_IN_ADMIN_SUITE","8_REMAINING_SUITES","59"
"/admin/module-settings","apps/web/app/admin/module-settings/page.tsx","admin","Administration & Governance","Module Settings","Module Settings administration and governance","Administrators; security; auditors; platform owners","API guard-derived permissions; page-level visibility NOT VERIFIED","tenant + organization","configuration","/api/admin/settings","None detected / NOT VERIFIED","admin-chrome | module-settings-client","apps/web/app/admin/loading.tsx","PRESENT_SIGNAL_NOT_VERIFIED","apps/web/app/admin/error.tsx","NOT_VERIFIED","MISSING_OR_NA","PRESENT_SIGNAL_NOT_VERIFIED","MISSING_OR_NA","MISSING_OR_NA","MISSING_OR_NA","FLUID_ONLY","SEMANTIC_SIGNAL_NOT_VERIFIED","LINK_SIGNAL_NOT_VERIFIED","N/A_OR_REVIEW","STANDARD","IMPLEMENTED_PAGE_SURFACE","NOT_VERIFIED_TO_PAGE_DOD","B_EXISTS_UX_WEAK","CONSOLIDATE_IN_ADMIN_SUITE","8_REMAINING_SUITES","22"
"/admin/modules","apps/web/app/admin/modules/page.tsx","admin","Administration & Governance","Modules","Modules administration and governance","Administrators; security; auditors; platform owners","API guard-derived permissions; page-level visibility NOT VERIFIED","tenant + organization","configuration","/api/admin/platform/modules | /api/admin/platform/modules-toggle","Detected in UI source; verify against domain state machine","admin-chrome | modules-admin-client","apps/web/app/admin/loading.tsx","PRESENT_SIGNAL_NOT_VERIFIED","apps/web/app/admin/error.tsx","PRESENT_SIGNAL_NOT_VERIFIED","PRESENT_SIGNAL_NOT_VERIFIED","PRESENT_SIGNAL_NOT_VERIFIED","MISSING_OR_NA","MISSING_OR_NA","MISSING_OR_NA","FLUID_ONLY","NOT_VERIFIED","LINK_SIGNAL_NOT_VERIFIED","N/A_OR_REVIEW","STANDARD","IMPLEMENTED_PAGE_SURFACE","NOT_VERIFIED_TO_PAGE_DOD","B_EXISTS_UX_WEAK","CONSOLIDATE_IN_ADMIN_SUITE","8_REMAINING_SUITES","22"
"/admin/notifications","apps/web/app/admin/notifications/page.tsx","admin","Administration & Governance","Notifications","Notifications administration and governance","Administrators; security; auditors; platform owners","API guard-derived permissions; page-level visibility NOT VERIFIED","tenant + organization","configuration","/api/... | /api/admin/platform/notifications | /api/admin/settings | /api/admin/settings?key=${encodeURIComponent | /api/v1/ | /api/v1/...","Detected in UI source; verify against domain state machine","admin-chrome | notify-admin-client","apps/web/app/admin/loading.tsx","PRESENT_SIGNAL_NOT_VERIFIED","apps/web/app/admin/error.tsx","NOT_VERIFIED","MISSING_OR_NA","PRESENT_SIGNAL_NOT_VERIFIED","MISSING_OR_NA","MISSING_OR_NA","MISSING_OR_NA","FLUID_ONLY","SEMANTIC_SIGNAL_NOT_VERIFIED","LINK_SIGNAL_NOT_VERIFIED","N/A_OR_REVIEW","STANDARD","IMPLEMENTED_PAGE_SURFACE","NOT_VERIFIED_TO_PAGE_DOD","B_EXISTS_UX_WEAK","CONSOLIDATE_IN_ADMIN_SUITE","8_REMAINING_SUITES","45"
"/admin/numbering","apps/web/app/admin/numbering/page.tsx","admin","Administration & Governance","Numbering","Numbering administration and governance","Administrators; security; auditors; platform owners","API guard-derived permissions; page-level visibility NOT VERIFIED","tenant + organization","configuration","/api/... | /api/admin/numbering | /api/v1/ | /api/v1/...","Detected in UI source; verify against domain state machine","admin-chrome | numbering-admin-client","apps/web/app/admin/loading.tsx","PRESENT_SIGNAL_NOT_VERIFIED","apps/web/app/admin/error.tsx","NOT_VERIFIED","MISSING_OR_NA","PRESENT_SIGNAL_NOT_VERIFIED","MISSING_OR_NA","MISSING_OR_NA","MISSING_OR_NA","FLUID_ONLY","SEMANTIC_SIGNAL_NOT_VERIFIED","LINK_SIGNAL_NOT_VERIFIED","N/A_OR_REVIEW","STANDARD","IMPLEMENTED_PAGE_SURFACE","NOT_VERIFIED_TO_PAGE_DOD","B_EXISTS_UX_WEAK","CONSOLIDATE_IN_ADMIN_SUITE","8_REMAINING_SUITES","42"
"/admin/organization","apps/web/app/admin/organization/page.tsx","admin","Administration & Governance","Organization","Organization administration and governance","Administrators; security; auditors; platform owners","API guard-derived permissions; page-level visibility NOT VERIFIED","tenant + organization","configuration","/api/... | /api/admin/companies | /api/admin/companies?id=${encodeURIComponent | /api/admin/settings | /api/v1/ | /api/v1/...","Detected in UI source; verify against domain state machine","admin-chrome | companies-admin-client | org-profile-client","apps/web/app/admin/loading.tsx","PRESENT_SIGNAL_NOT_VERIFIED","apps/web/app/admin/error.tsx","NOT_VERIFIED","MISSING_OR_NA","PRESENT_SIGNAL_NOT_VERIFIED","MISSING_OR_NA","MISSING_OR_NA","MISSING_OR_NA","FLUID_ONLY","SEMANTIC_SIGNAL_NOT_VERIFIED","LINK_SIGNAL_NOT_VERIFIED","N/A_OR_REVIEW","STANDARD","IMPLEMENTED_PAGE_SURFACE","NOT_VERIFIED_TO_PAGE_DOD","B_EXISTS_UX_WEAK","CONSOLIDATE_IN_ADMIN_SUITE","8_REMAINING_SUITES","65"
"/admin","apps/web/app/admin/page.tsx","admin","Administration & Governance","Admin","Admin operational work surface","Administrators; security; auditors; platform owners","API guard-derived permissions; page-level visibility NOT VERIFIED","tenant + organization","register-or-workspace","/api/... | /api/admin/platform/overview | /api/v1/ | /api/v1/...","Detected in UI source; verify against domain state machine","admin-chrome | admin/admin-control-center-shell | admin/admin-overview","apps/web/app/admin/loading.tsx","PRESENT_SIGNAL_NOT_VERIFIED","apps/web/app/admin/error.tsx","NOT_VERIFIED","PRESENT_SIGNAL_NOT_VERIFIED","PRESENT_SIGNAL_NOT_VERIFIED","MISSING_OR_NA","MISSING_OR_NA","MISSING_OR_NA","FLUID_ONLY","NOT_VERIFIED","LINK_SIGNAL_NOT_VERIFIED","N/A_OR_REVIEW","STANDARD","IMPLEMENTED_PAGE_SURFACE","NOT_VERIFIED_TO_PAGE_DOD","B_EXISTS_UX_WEAK","REFACTOR_INCREMENTALLY","8_REMAINING_SUITES","54"
"/admin/security","apps/web/app/admin/security/page.tsx","admin","Administration & Governance","Security","Security administration and governance","Administrators; security; auditors; platform owners","API guard-derived permissions; page-level visibility NOT VERIFIED","tenant + organization","configuration","/api/... | /api/admin/platform/security | /api/admin/service-accounts | /api/admin/service-accounts/${encodeURIComponent | /api/v1/ | /api/v1/...","Detected in UI source; verify against domain state machine","admin-chrome | admin-ui | service-accounts-client","apps/web/app/admin/loading.tsx","PRESENT_SIGNAL_NOT_VERIFIED","apps/web/app/admin/error.tsx","NOT_VERIFIED","MISSING_OR_NA","PRESENT_SIGNAL_NOT_VERIFIED","MISSING_OR_NA","MISSING_OR_NA","MISSING_OR_NA","FLUID_ONLY","SEMANTIC_SIGNAL_NOT_VERIFIED","LINK_SIGNAL_NOT_VERIFIED","N/A_OR_REVIEW","STANDARD","IMPLEMENTED_PAGE_SURFACE","NOT_VERIFIED_TO_PAGE_DOD","B_EXISTS_UX_WEAK","CONSOLIDATE_IN_ADMIN_SUITE","8_REMAINING_SUITES","138"
"/admin/settings","apps/web/app/admin/settings/page.tsx","admin","Administration & Governance","Settings","Settings administration and governance","Administrators; security; auditors; platform owners","API guard-derived permissions; page-level visibility NOT VERIFIED","tenant + organization","configuration","/api/... | /api/admin/settings | /api/admin/settings?key=${encodeURIComponent | /api/v1/ | /api/v1/...","Detected in UI source; verify against domain state machine","admin-chrome | settings-admin-client","apps/web/app/admin/loading.tsx","PRESENT_SIGNAL_NOT_VERIFIED","apps/web/app/admin/error.tsx","NOT_VERIFIED","MISSING_OR_NA","PRESENT_SIGNAL_NOT_VERIFIED","PRESENT_SIGNAL_NOT_VERIFIED","MISSING_OR_NA","MISSING_OR_NA","FLUID_ONLY","SEMANTIC_SIGNAL_NOT_VERIFIED","LINK_SIGNAL_NOT_VERIFIED","N/A_OR_REVIEW","STANDARD","IMPLEMENTED_PAGE_SURFACE","NOT_VERIFIED_TO_PAGE_DOD","B_EXISTS_UX_WEAK","CONSOLIDATE_IN_ADMIN_SUITE","8_REMAINING_SUITES","30"
"/admin/templates","apps/web/app/admin/templates/page.tsx","admin","Administration & Governance","Templates","Templates administration and governance","Administrators; security; auditors; platform owners","API guard-derived permissions; page-level visibility NOT VERIFIED","tenant + organization","configuration","/api/templates | /api/templates/${id} | /api/templates/${updated.id}","Detected in UI source; verify against domain state machine","visual-template-builder","apps/web/app/admin/loading.tsx","PRESENT_SIGNAL_NOT_VERIFIED","apps/web/app/admin/error.tsx","NOT_VERIFIED","MISSING_OR_NA","PRESENT_SIGNAL_NOT_VERIFIED","MISSING_OR_NA","MISSING_OR_NA","MISSING_OR_NA","FLUID_ONLY","SEMANTIC_SIGNAL_NOT_VERIFIED","MISSING_OR_NA","N/A_OR_REVIEW","STANDARD","IMPLEMENTED_PAGE_SURFACE","NOT_VERIFIED_TO_PAGE_DOD","B_EXISTS_UX_WEAK","CONSOLIDATE_IN_ADMIN_SUITE","8_REMAINING_SUITES","468"
"/admin/users","apps/web/app/admin/users/page.tsx","admin","Administration & Governance","Users","Users administration and governance","Administrators; security; auditors; platform owners","API guard-derived permissions; page-level visibility NOT VERIFIED","tenant + organization","configuration","/api/admin/users | /api/admin/users/${encodeURIComponent","Detected in UI source; verify against domain state machine","admin-chrome | users-admin-client","apps/web/app/admin/loading.tsx","PRESENT_SIGNAL_NOT_VERIFIED","apps/web/app/admin/error.tsx","NOT_VERIFIED","MISSING_OR_NA","PRESENT_SIGNAL_NOT_VERIFIED","MISSING_OR_NA","MISSING_OR_NA","MISSING_OR_NA","FLUID_ONLY","SEMANTIC_SIGNAL_NOT_VERIFIED","LINK_SIGNAL_NOT_VERIFIED","N/A_OR_REVIEW","STANDARD","IMPLEMENTED_PAGE_SURFACE","NOT_VERIFIED_TO_PAGE_DOD","B_EXISTS_UX_WEAK","CONSOLIDATE_IN_ADMIN_SUITE","8_REMAINING_SUITES","21"
"/admin/webhooks","apps/web/app/admin/webhooks/page.tsx","admin","Administration & Governance","Webhooks","Webhooks administration and governance","Administrators; security; auditors; platform owners","API guard-derived permissions; page-level visibility NOT VERIFIED","tenant + organization","configuration","/api/... | /api/admin/webhooks | /api/admin/webhooks/${encodeURIComponent | /api/admin/webhooks/deliveries | /api/v1/ | /api/v1/...","Detected in UI source; verify against domain state machine","admin-chrome | webhooks-admin-client","apps/web/app/admin/loading.tsx","PRESENT_SIGNAL_NOT_VERIFIED","apps/web/app/admin/error.tsx","NOT_VERIFIED","MISSING_OR_NA","PRESENT_SIGNAL_NOT_VERIFIED","MISSING_OR_NA","MISSING_OR_NA","MISSING_OR_NA","FLUID_ONLY","SEMANTIC_SIGNAL_NOT_VERIFIED","LINK_SIGNAL_NOT_VERIFIED","N/A_OR_REVIEW","STANDARD","IMPLEMENTED_PAGE_SURFACE","NOT_VERIFIED_TO_PAGE_DOD","B_EXISTS_UX_WEAK","CONSOLIDATE_IN_ADMIN_SUITE","8_REMAINING_SUITES","59"
"/admin/workflows","apps/web/app/admin/workflows/page.tsx","admin","Administration & Governance","Workflows","Workflows administration and governance","Administrators; security; auditors; platform owners","API guard-derived permissions; page-level visibility NOT VERIFIED","tenant + organization","configuration","/api/... | /api/admin/platform/workflows | /api/v1/ | /api/v1/...","Detected in UI source; verify against domain state machine","admin-chrome | admin-ui","apps/web/app/admin/loading.tsx","PRESENT_SIGNAL_NOT_VERIFIED","apps/web/app/admin/error.tsx","NOT_VERIFIED","MISSING_OR_NA","PRESENT_SIGNAL_NOT_VERIFIED","MISSING_OR_NA","MISSING_OR_NA","MISSING_OR_NA","FLUID_ONLY","SEMANTIC_SIGNAL_NOT_VERIFIED","LINK_SIGNAL_NOT_VERIFIED","N/A_OR_REVIEW","STANDARD","IMPLEMENTED_PAGE_SURFACE","NOT_VERIFIED_TO_PAGE_DOD","B_EXISTS_UX_WEAK","CONSOLIDATE_IN_ADMIN_SUITE","8_REMAINING_SUITES","101"
"/admin/workspace","apps/web/app/admin/workspace/page.tsx","admin","Administration & Governance","Workspace","Workspace administration and governance","Administrators; security; auditors; platform owners","API guard-derived permissions; page-level visibility NOT VERIFIED","tenant + organization","configuration","/api/... | /api/v1/ | /api/v1/... | /api/workspace/config | /api/workspace/me","Detected in UI source; verify against domain state machine","workspace-admin-client","apps/web/app/admin/loading.tsx","PRESENT_SIGNAL_NOT_VERIFIED","apps/web/app/admin/error.tsx","NOT_VERIFIED","MISSING_OR_NA","MISSING_OR_NA","PRESENT_SIGNAL_NOT_VERIFIED","MISSING_OR_NA","MISSING_OR_NA","NONE","SEMANTIC_SIGNAL_NOT_VERIFIED","MISSING_OR_NA","N/A_OR_REVIEW","STANDARD","IMPLEMENTED_PAGE_SURFACE","NOT_VERIFIED_TO_PAGE_DOD","B_EXISTS_UX_WEAK","CONSOLIDATE_IN_ADMIN_SUITE","8_REMAINING_SUITES","36"
"/ai","apps/web/app/ai/page.tsx","ai","Intelligence & Reporting","Ai","Ai operational work surface","Executives; managers; governed AI operators","API guard-derived permissions; page-level visibility NOT VERIFIED","tenant + organization","register-or-workspace","/api/admin/platform/ai/autonomy/proposals | /api/admin/platform/ai/autonomy/proposals/${id}/${action} | /api/admin/platform/ai/rag/ingest","Detected in UI source; verify against domain state machine","admin-chrome | user-ai-workspace","apps/web/app/ai/loading.tsx","PRESENT_SIGNAL_NOT_VERIFIED","apps/web/app/ai/error.tsx","NOT_VERIFIED","MISSING_OR_NA","PRESENT_SIGNAL_NOT_VERIFIED","MISSING_OR_NA","MISSING_OR_NA","MISSING_OR_NA","FLUID_ONLY","SEMANTIC_SIGNAL_NOT_VERIFIED","LINK_SIGNAL_NOT_VERIFIED","N/A_OR_REVIEW","STANDARD","IMPLEMENTED_PAGE_SURFACE","NOT_VERIFIED_TO_PAGE_DOD","B_EXISTS_UX_WEAK","REFACTOR_INCREMENTALLY","8_REMAINING_SUITES","28"
"/amc/dispatch","apps/web/app/amc/dispatch/page.tsx","amc","Assets & Service","Dispatch","Dispatch operational work surface","AMC/service; technicians; asset custodians; fleet","API guard-derived permissions; page-level visibility NOT VERIFIED","tenant + organization","register-or-workspace","/api/... | /api/amc/contracts | /api/amc/work-orders | /api/amc/work-orders/${w.id}/assign | /api/amc/work-orders/${w.id}/complete | /api/v1/ | /api/v1/...","Detected in UI source; verify against domain state machine","amc-dispatch-client","apps/web/app/amc/dispatch/loading.tsx","PRESENT_SIGNAL_NOT_VERIFIED","apps/web/app/amc/dispatch/error.tsx","NOT_VERIFIED","MISSING_OR_NA","PRESENT_SIGNAL_NOT_VERIFIED","MISSING_OR_NA","MISSING_OR_NA","MISSING_OR_NA","FLUID_ONLY","SEMANTIC_SIGNAL_NOT_VERIFIED","MISSING_OR_NA","N/A_OR_REVIEW","HIGH_FOR_FIELD_ROUTES","IMPLEMENTED_PAGE_SURFACE","NOT_VERIFIED_TO_PAGE_DOD","B_EXISTS_UX_WEAK","REFACTOR_INCREMENTALLY","8_REMAINING_SUITES","39"
"/amc","apps/web/app/amc/page.tsx","amc","Assets & Service","Amc","Amc operational work surface","AMC/service; technicians; asset custodians; fleet","API guard-derived permissions; page-level visibility NOT VERIFIED","tenant + organization","register-or-workspace","/api/amc/contracts | /api/amc/tickets | /api/amc/work-orders","Detected in UI source; verify against domain state machine","amc-client","apps/web/app/amc/loading.tsx","PRESENT_SIGNAL_NOT_VERIFIED","apps/web/app/amc/error.tsx","NOT_VERIFIED","MISSING_OR_NA","PRESENT_SIGNAL_NOT_VERIFIED","MISSING_OR_NA","MISSING_OR_NA","MISSING_OR_NA","FLUID_ONLY","SEMANTIC_SIGNAL_NOT_VERIFIED","MISSING_OR_NA","N/A_OR_REVIEW","HIGH_FOR_FIELD_ROUTES","IMPLEMENTED_PAGE_SURFACE","NOT_VERIFIED_TO_PAGE_DOD","B_EXISTS_UX_WEAK","REFACTOR_INCREMENTALLY","8_REMAINING_SUITES","8"
"/amc/ppm","apps/web/app/amc/ppm/page.tsx","amc","Assets & Service","Ppm","Ppm operational work surface","AMC/service; technicians; asset custodians; fleet","API guard-derived permissions; page-level visibility NOT VERIFIED","tenant + organization","register-or-workspace","/api/... | /api/amc/contracts | /api/amc/ppm-schedules | /api/amc/ppm-schedules/generate-due | /api/v1/ | /api/v1/...","Detected in UI source; verify against domain state machine","ppm-client","apps/web/app/amc/loading.tsx","PRESENT_SIGNAL_NOT_VERIFIED","apps/web/app/amc/error.tsx","NOT_VERIFIED","MISSING_OR_NA","MISSING_OR_NA","MISSING_OR_NA","MISSING_OR_NA","MISSING_OR_NA","NONE","SEMANTIC_SIGNAL_NOT_VERIFIED","MISSING_OR_NA","N/A_OR_REVIEW","HIGH_FOR_FIELD_ROUTES","IMPLEMENTED_PAGE_SURFACE","NOT_VERIFIED_TO_PAGE_DOD","B_EXISTS_UX_WEAK","REFACTOR_INCREMENTALLY","8_REMAINING_SUITES","49"
"/amc/work-orders/[id]","apps/web/app/amc/work-orders/[id]/page.tsx","amc","Assets & Service","Work Orders","Amc record detail and governed actions","AMC/service; technicians; asset custodians; fleet","API guard-derived permissions; page-level visibility NOT VERIFIED","tenant + organization","record-detail","/api/... | /api/amc/work-orders/${id}/${command} | /api/amc/work-orders/${id}/detail | /api/v1/ | /api/v1/...","Detected in UI source; verify against domain state machine","work-order-actions","apps/web/app/amc/loading.tsx","PRESENT_SIGNAL_NOT_VERIFIED","apps/web/app/amc/error.tsx","NOT_VERIFIED","MISSING_OR_NA","MISSING_OR_NA","MISSING_OR_NA","MISSING_OR_NA","MISSING_OR_NA","NONE","NOT_VERIFIED","LINK_SIGNAL_NOT_VERIFIED","REQUIRED","HIGH_FOR_FIELD_ROUTES","IMPLEMENTED_PAGE_SURFACE","NOT_VERIFIED_TO_PAGE_DOD","B_EXISTS_UX_WEAK","REFACTOR_TO_RECORD_360_STANDARD","8_REMAINING_SUITES","184"
"/amc/work-orders","apps/web/app/amc/work-orders/page.tsx","amc","Assets & Service","Work Orders","Work Orders operational work surface","AMC/service; technicians; asset custodians; fleet","API guard-derived permissions; page-level visibility NOT VERIFIED","tenant + organization","register-or-workspace","/api/... | /api/amc/work-orders | /api/v1/ | /api/v1/...","Detected in UI source; verify against domain state machine","ui/data-state","apps/web/app/amc/loading.tsx","PRESENT_SIGNAL_NOT_VERIFIED","apps/web/app/amc/error.tsx","PRESENT_SIGNAL_NOT_VERIFIED","MISSING_OR_NA","PRESENT_SIGNAL_NOT_VERIFIED","PRESENT_SIGNAL_NOT_VERIFIED","PRESENT_SIGNAL_NOT_VERIFIED","MISSING_OR_NA","NONE","SEMANTIC_SIGNAL_NOT_VERIFIED","LINK_SIGNAL_NOT_VERIFIED","N/A_OR_REVIEW","HIGH_FOR_FIELD_ROUTES","IMPLEMENTED_PAGE_SURFACE","NOT_VERIFIED_TO_PAGE_DOD","B_EXISTS_UX_WEAK","REFACTOR_INCREMENTALLY","8_REMAINING_SUITES","159"
"/assets/control","apps/web/app/assets/control/page.tsx","assets","Assets & Service","Control","Control status, attention and navigation","AMC/service; technicians; asset custodians; fleet","API guard-derived permissions; page-level visibility NOT VERIFIED","tenant + organization","home-or-command-center","/api/... | /api/assets | /api/assets/${id} | /api/assets/inspections | /api/assets/maintenance | /api/assets/maintenance/${id}/complete | /api/v1/ | /api/v1/...","Detected in UI source; verify against domain state machine","assets-control-client","apps/web/app/assets/loading.tsx","PRESENT_SIGNAL_NOT_VERIFIED","apps/web/app/assets/error.tsx","NOT_VERIFIED","MISSING_OR_NA","PRESENT_SIGNAL_NOT_VERIFIED","MISSING_OR_NA","MISSING_OR_NA","MISSING_OR_NA","NONE","SEMANTIC_SIGNAL_NOT_VERIFIED","MISSING_OR_NA","N/A_OR_REVIEW","HIGH_FOR_FIELD_ROUTES","IMPLEMENTED_PAGE_SURFACE","NOT_VERIFIED_TO_PAGE_DOD","B_EXISTS_UX_WEAK","REBUILD_AS_SUITE_OR_FUNCTION_HOME","8_REMAINING_SUITES","78"
"/assets/depreciation","apps/web/app/assets/depreciation/page.tsx","assets","Assets & Service","Depreciation","Depreciation operational work surface","AMC/service; technicians; asset custodians; fleet","API guard-derived permissions; page-level visibility NOT VERIFIED","tenant + organization","register-or-workspace","/api/... | /api/assets | /api/assets/${assetId}/depreciation?${qs} | /api/v1/ | /api/v1/...","Detected in UI source; verify against domain state machine","depreciation-client","apps/web/app/assets/loading.tsx","PRESENT_SIGNAL_NOT_VERIFIED","apps/web/app/assets/error.tsx","NOT_VERIFIED","PRESENT_SIGNAL_NOT_VERIFIED","PRESENT_SIGNAL_NOT_VERIFIED","MISSING_OR_NA","MISSING_OR_NA","MISSING_OR_NA","NONE","SEMANTIC_SIGNAL_NOT_VERIFIED","MISSING_OR_NA","N/A_OR_REVIEW","HIGH_FOR_FIELD_ROUTES","IMPLEMENTED_PAGE_SURFACE","NOT_VERIFIED_TO_PAGE_DOD","B_EXISTS_UX_WEAK","REFACTOR_INCREMENTALLY","8_REMAINING_SUITES","45"
"/assets/disposals","apps/web/app/assets/disposals/page.tsx","assets","Assets & Service","Disposals","Disposals operational work surface","AMC/service; technicians; asset custodians; fleet","API guard-derived permissions; page-level visibility NOT VERIFIED","tenant + organization","register-or-workspace","/api/... | /api/assets/disposals | /api/v1/ | /api/v1/...","Detected in UI source; verify against domain state machine","asset-disposal-client","apps/web/app/assets/loading.tsx","PRESENT_SIGNAL_NOT_VERIFIED","apps/web/app/assets/error.tsx","NOT_VERIFIED","MISSING_OR_NA","MISSING_OR_NA","MISSING_OR_NA","MISSING_OR_NA","MISSING_OR_NA","NONE","SEMANTIC_SIGNAL_NOT_VERIFIED","MISSING_OR_NA","N/A_OR_REVIEW","HIGH_FOR_FIELD_ROUTES","IMPLEMENTED_PAGE_SURFACE","NOT_VERIFIED_TO_PAGE_DOD","B_EXISTS_UX_WEAK","REFACTOR_INCREMENTALLY","8_REMAINING_SUITES","31"
"/assets/register/[id]","apps/web/app/assets/register/[id]/page.tsx","assets","Assets & Service","Register","Assets record detail and governed actions","AMC/service; technicians; asset custodians; fleet","API guard-derived permissions; page-level visibility NOT VERIFIED","tenant + organization","record-detail","/api/... | /api/assets/${id}/detail | /api/v1/ | /api/v1/...","Detected in UI source; verify against domain state machine","","apps/web/app/assets/loading.tsx","PRESENT_SIGNAL_NOT_VERIFIED","apps/web/app/assets/error.tsx","NOT_VERIFIED","MISSING_OR_NA","MISSING_OR_NA","MISSING_OR_NA","MISSING_OR_NA","MISSING_OR_NA","NONE","SEMANTIC_SIGNAL_NOT_VERIFIED","LINK_SIGNAL_NOT_VERIFIED","REQUIRED","HIGH_FOR_FIELD_ROUTES","IMPLEMENTED_PAGE_SURFACE","NOT_VERIFIED_TO_PAGE_DOD","B_EXISTS_UX_WEAK","REFACTOR_TO_RECORD_360_STANDARD","8_REMAINING_SUITES","196"
"/assets/register","apps/web/app/assets/register/page.tsx","assets","Assets & Service","Register","Register operational work surface","AMC/service; technicians; asset custodians; fleet","API guard-derived permissions; page-level visibility NOT VERIFIED","tenant + organization","register-or-workspace","/api/... | /api/assets | /api/v1/ | /api/v1/...","Detected in UI source; verify against domain state machine","ui/data-state","apps/web/app/assets/loading.tsx","PRESENT_SIGNAL_NOT_VERIFIED","apps/web/app/assets/error.tsx","PRESENT_SIGNAL_NOT_VERIFIED","MISSING_OR_NA","PRESENT_SIGNAL_NOT_VERIFIED","PRESENT_SIGNAL_NOT_VERIFIED","PRESENT_SIGNAL_NOT_VERIFIED","MISSING_OR_NA","NONE","SEMANTIC_SIGNAL_NOT_VERIFIED","LINK_SIGNAL_NOT_VERIFIED","N/A_OR_REVIEW","HIGH_FOR_FIELD_ROUTES","IMPLEMENTED_PAGE_SURFACE","NOT_VERIFIED_TO_PAGE_DOD","B_EXISTS_UX_WEAK","REFACTOR_INCREMENTALLY","8_REMAINING_SUITES","136"
"/commissioning/[id]","apps/web/app/commissioning/[id]/page.tsx","commissioning","Project Delivery","Commissioning","Commissioning record detail and governed actions","Project managers; engineers; site; QA/QC; HSE; commissioning; document control","API guard-derived permissions; page-level visibility NOT VERIFIED","tenant + organization; project filter varies by page","record-detail","/api/... | /api/commissioning/records/${id}/${path} | /api/commissioning/records/${id}/detail | /api/v1/ | /api/v1/...","Detected in UI source; verify against domain state machine","commissioning-actions","apps/web/app/commissioning/loading.tsx","PRESENT_SIGNAL_NOT_VERIFIED","apps/web/app/commissioning/error.tsx","NOT_VERIFIED","MISSING_OR_NA","PRESENT_SIGNAL_NOT_VERIFIED","MISSING_OR_NA","MISSING_OR_NA","MISSING_OR_NA","NONE","SEMANTIC_SIGNAL_NOT_VERIFIED","LINK_SIGNAL_NOT_VERIFIED","REQUIRED","HIGH_FOR_FIELD_ROUTES","IMPLEMENTED_PAGE_SURFACE","NOT_VERIFIED_TO_PAGE_DOD","B_EXISTS_UX_WEAK","REFACTOR_TO_RECORD_360_STANDARD","6_PROJECT_DELIVERY","136"
"/commissioning","apps/web/app/commissioning/page.tsx","commissioning","Project Delivery","Commissioning","Commissioning operational work surface","Project managers; engineers; site; QA/QC; HSE; commissioning; document control","API guard-derived permissions; page-level visibility NOT VERIFIED","tenant + organization; project filter varies by page","register-or-workspace","/api/... | /api/commissioning/records | /api/commissioning/records/${r.id}/commission | /api/commissioning/records/${r.id}/fail | /api/commissioning/records/${r.id}/test | /api/projects/projects | /api/v1/ | /api/v1/...","Detected in UI source; verify against domain state machine","commissioning-client","apps/web/app/commissioning/loading.tsx","PRESENT_SIGNAL_NOT_VERIFIED","apps/web/app/commissioning/error.tsx","NOT_VERIFIED","MISSING_OR_NA","PRESENT_SIGNAL_NOT_VERIFIED","MISSING_OR_NA","MISSING_OR_NA","PRESENT_SIGNAL_NOT_VERIFIED","FLUID_ONLY","SEMANTIC_SIGNAL_NOT_VERIFIED","MISSING_OR_NA","N/A_OR_REVIEW","HIGH_FOR_FIELD_ROUTES","IMPLEMENTED_PAGE_SURFACE","NOT_VERIFIED_TO_PAGE_DOD","B_EXISTS_UX_WEAK","REFACTOR_INCREMENTALLY","6_PROJECT_DELIVERY","55"
"/compliance","apps/web/app/compliance/page.tsx","compliance","Project Delivery","Compliance","Compliance operational work surface","Project managers; engineers; site; QA/QC; HSE; commissioning; document control","API guard-derived permissions; page-level visibility NOT VERIFIED","tenant + organization","register-or-workspace","/api/... | /api/compliance/authorities | /api/compliance/cases | /api/compliance/cases/${id}/${child} | /api/compliance/cases?${qs} | /api/compliance/renewals?withinDays=90 | /api/v1/ | /api/v1/...","Detected in UI source; verify against domain state machine","compliance-client","apps/web/app/compliance/loading.tsx","PRESENT_SIGNAL_NOT_VERIFIED","apps/web/app/compliance/error.tsx","NOT_VERIFIED","PRESENT_SIGNAL_NOT_VERIFIED","PRESENT_SIGNAL_NOT_VERIFIED","PRESENT_SIGNAL_NOT_VERIFIED","MISSING_OR_NA","MISSING_OR_NA","FLUID_ONLY","SEMANTIC_SIGNAL_NOT_VERIFIED","MISSING_OR_NA","N/A_OR_REVIEW","HIGH_FOR_FIELD_ROUTES","IMPLEMENTED_PAGE_SURFACE","NOT_VERIFIED_TO_PAGE_DOD","B_EXISTS_UX_WEAK","REFACTOR_INCREMENTALLY","6_PROJECT_DELIVERY","43"
"/contracts/certificates/[id]/print","apps/web/app/contracts/certificates/[id]/print/page.tsx","contracts","Commercial & Contracts","Print","Contracts print output","Commercial; contracts; quantity surveyors; project managers; finance","API guard-derived permissions; page-level visibility NOT VERIFIED","tenant + organization","print","/api/... | /api/contracts/certificates/${id} | /api/v1/ | /api/v1/...","Detected in UI source; verify against domain state machine","document-sheet","apps/web/app/contracts/loading.tsx","PRESENT_SIGNAL_NOT_VERIFIED","apps/web/app/contracts/error.tsx","NOT_VERIFIED","MISSING_OR_NA","PRESENT_SIGNAL_NOT_VERIFIED","MISSING_OR_NA","MISSING_OR_NA","MISSING_OR_NA","BREAKPOINT","SEMANTIC_SIGNAL_NOT_VERIFIED","MISSING_OR_NA","N/A_OR_REVIEW","STANDARD","IMPLEMENTED_PAGE_SURFACE","NOT_VERIFIED_TO_PAGE_DOD","A_RETAIN","KEEP_AND_STANDARDIZE_PRINT","7_MAJOR_OFFICE_WORKFLOWS","52"
"/contracts/certificates","apps/web/app/contracts/certificates/page.tsx","contracts","Commercial & Contracts","Certificates","Certificates operational work surface","Commercial; contracts; quantity surveyors; project managers; finance","API guard-derived permissions; page-level visibility NOT VERIFIED","tenant + organization","register-or-workspace","/api/... | /api/contracts/certificates | /api/contracts/certificates/${id}/status | /api/contracts/certificates/summary/${cid} | /api/contracts/contracts | /api/finance/customer-invoices | /api/v1/ | /api/v1/...","Detected in UI source; verify against domain state machine","payment-certificates-client","apps/web/app/contracts/loading.tsx","PRESENT_SIGNAL_NOT_VERIFIED","apps/web/app/contracts/error.tsx","NOT_VERIFIED","MISSING_OR_NA","MISSING_OR_NA","MISSING_OR_NA","MISSING_OR_NA","MISSING_OR_NA","NONE","SEMANTIC_SIGNAL_NOT_VERIFIED","LINK_SIGNAL_NOT_VERIFIED","N/A_OR_REVIEW","STANDARD","IMPLEMENTED_PAGE_SURFACE","NOT_VERIFIED_TO_PAGE_DOD","B_EXISTS_UX_WEAK","REFACTOR_INCREMENTALLY","7_MAJOR_OFFICE_WORKFLOWS","57"
"/contracts/clauses","apps/web/app/contracts/clauses/page.tsx","contracts","Commercial & Contracts","Clauses","Clauses operational work surface","Commercial; contracts; quantity surveyors; project managers; finance","API guard-derived permissions; page-level visibility NOT VERIFIED","tenant + organization","register-or-workspace","/api/... | /api/contracts/clauses | /api/contracts/clauses/${id} | /api/v1/ | /api/v1/...","Detected in UI source; verify against domain state machine","clause-library-client","apps/web/app/contracts/loading.tsx","PRESENT_SIGNAL_NOT_VERIFIED","apps/web/app/contracts/error.tsx","NOT_VERIFIED","PRESENT_SIGNAL_NOT_VERIFIED","PRESENT_SIGNAL_NOT_VERIFIED","PRESENT_SIGNAL_NOT_VERIFIED","MISSING_OR_NA","MISSING_OR_NA","NONE","SEMANTIC_SIGNAL_NOT_VERIFIED","MISSING_OR_NA","N/A_OR_REVIEW","STANDARD","IMPLEMENTED_PAGE_SURFACE","NOT_VERIFIED_TO_PAGE_DOD","B_EXISTS_UX_WEAK","REFACTOR_INCREMENTALLY","7_MAJOR_OFFICE_WORKFLOWS","30"
"/contracts/contracts/[id]","apps/web/app/contracts/contracts/[id]/page.tsx","contracts","Commercial & Contracts","Contracts","Contracts record detail and governed actions","Commercial; contracts; quantity surveyors; project managers; finance","API guard-derived permissions; page-level visibility NOT VERIFIED","tenant + organization","record-detail","/api/... | /api/contracts/bonds | /api/contracts/bonds/${b.id}/status | /api/contracts/bonds?contractId=${contract.id} | /api/contracts/certificates/summary/${contract.id} | /api/contracts/contracts/${contract.id}/status | /api/contracts/contracts/${id} | /api/contracts/obligations | /api/contracts/obligations/${o.id}/status | /api/contracts/obligations?contractId=${contract.id} | /api/crm/quotations | /api/projects/projects?contractId=${contract.id} | /api/v1/ | /api/v1/...","Detected in UI source; verify against domain state machine","contract-360-client | record-chrome","apps/web/app/contracts/loading.tsx","PRESENT_SIGNAL_NOT_VERIFIED","apps/web/app/contracts/error.tsx","NOT_VERIFIED","MISSING_OR_NA","PRESENT_SIGNAL_NOT_VERIFIED","MISSING_OR_NA","MISSING_OR_NA","MISSING_OR_NA","NONE","SEMANTIC_SIGNAL_NOT_VERIFIED","LINK_SIGNAL_NOT_VERIFIED","STANDARD_SIGNAL_PRESENT","STANDARD","IMPLEMENTED_PAGE_SURFACE","NOT_VERIFIED_TO_PAGE_DOD","B_EXISTS_UX_WEAK","REFACTOR_TO_RECORD_360_STANDARD","7_MAJOR_OFFICE_WORKFLOWS","55"
"/contracts/contracts/[id]/print","apps/web/app/contracts/contracts/[id]/print/page.tsx","contracts","Commercial & Contracts","Print","Contracts print output","Commercial; contracts; quantity surveyors; project managers; finance","API guard-derived permissions; page-level visibility NOT VERIFIED","tenant + organization","print","/api/... | /api/contracts/contracts/${id} | /api/v1/ | /api/v1/...","Detected in UI source; verify against domain state machine","document-sheet","apps/web/app/contracts/loading.tsx","PRESENT_SIGNAL_NOT_VERIFIED","apps/web/app/contracts/error.tsx","NOT_VERIFIED","MISSING_OR_NA","PRESENT_SIGNAL_NOT_VERIFIED","MISSING_OR_NA","MISSING_OR_NA","MISSING_OR_NA","BREAKPOINT","SEMANTIC_SIGNAL_NOT_VERIFIED","MISSING_OR_NA","N/A_OR_REVIEW","STANDARD","IMPLEMENTED_PAGE_SURFACE","NOT_VERIFIED_TO_PAGE_DOD","A_RETAIN","KEEP_AND_STANDARDIZE_PRINT","7_MAJOR_OFFICE_WORKFLOWS","35"
"/contracts/contracts","apps/web/app/contracts/contracts/page.tsx","contracts","Commercial & Contracts","Contracts","Contracts operational work surface","Commercial; contracts; quantity surveyors; project managers; finance","API guard-derived permissions; page-level visibility NOT VERIFIED","tenant + organization","register-or-workspace","/api/... | /api/contracts/bonds | /api/contracts/contracts | /api/contracts/contracts/${c.id}/status | /api/projects/projects | /api/tendering/tenders?status=won | /api/v1/ | /api/v1/...","Detected in UI source; verify against domain state machine","contracts-register-client | ui/data-state","apps/web/app/contracts/loading.tsx","PRESENT_SIGNAL_NOT_VERIFIED","apps/web/app/contracts/error.tsx","PRESENT_SIGNAL_NOT_VERIFIED","PRESENT_SIGNAL_NOT_VERIFIED","PRESENT_SIGNAL_NOT_VERIFIED","MISSING_OR_NA","PRESENT_SIGNAL_NOT_VERIFIED","MISSING_OR_NA","FLUID_ONLY","SEMANTIC_SIGNAL_NOT_VERIFIED","LINK_SIGNAL_NOT_VERIFIED","N/A_OR_REVIEW","STANDARD","IMPLEMENTED_PAGE_SURFACE","NOT_VERIFIED_TO_PAGE_DOD","A_RETAIN_AND_INTEGRATE","REFACTOR_INCREMENTALLY","7_MAJOR_OFFICE_WORKFLOWS","59"
"/crm/accounts/[id]","apps/web/app/crm/accounts/[id]/page.tsx","crm","Sales & Pre-Award","Accounts","Crm record detail and governed actions","Sales; estimators; sales managers; bid and tender teams","API guard-derived permissions; page-level visibility NOT VERIFIED","tenant + organization","record-detail","/api/... | /api/crm/accounts/${a.id}/dossier/xlsx | /api/crm/accounts/${accountId} | /api/crm/accounts/${accountId}/summary | /api/crm/accounts/${id} | /api/crm/activities | /api/crm/contacts | /api/crm/contacts/${c.id} | /api/crm/contacts/${id} | /api/v1/ | /api/v1/... | /api/workspace/me | /api/workspace/users","Detected in UI source; verify against domain state machine","account-360-client | record-chrome","apps/web/app/crm/loading.tsx","PRESENT_SIGNAL_NOT_VERIFIED","apps/web/app/crm/error.tsx","NOT_VERIFIED","MISSING_OR_NA","PRESENT_SIGNAL_NOT_VERIFIED","PRESENT_SIGNAL_NOT_VERIFIED","MISSING_OR_NA","MISSING_OR_NA","FLUID_ONLY","SEMANTIC_SIGNAL_NOT_VERIFIED","LINK_SIGNAL_NOT_VERIFIED","STANDARD_SIGNAL_PRESENT","STANDARD","IMPLEMENTED_PAGE_SURFACE","NOT_VERIFIED_TO_PAGE_DOD","B_EXISTS_UX_WEAK","REFACTOR_TO_RECORD_360_STANDARD","7_MAJOR_OFFICE_WORKFLOWS","48"
"/crm/accounts/[id]/print","apps/web/app/crm/accounts/[id]/print/page.tsx","crm","Sales & Pre-Award","Print","Crm print output","Sales; estimators; sales managers; bid and tender teams","API guard-derived permissions; page-level visibility NOT VERIFIED","tenant + organization","print","/api/crm/accounts/${id}/summary","Detected in UI source; verify against domain state machine","ui/generated-at","apps/web/app/crm/loading.tsx","PRESENT_SIGNAL_NOT_VERIFIED","apps/web/app/crm/error.tsx","NOT_VERIFIED","MISSING_OR_NA","MISSING_OR_NA","MISSING_OR_NA","MISSING_OR_NA","MISSING_OR_NA","BREAKPOINT","SEMANTIC_SIGNAL_NOT_VERIFIED","MISSING_OR_NA","N/A_OR_REVIEW","STANDARD","IMPLEMENTED_PAGE_SURFACE","NOT_VERIFIED_TO_PAGE_DOD","A_RETAIN","KEEP_AND_STANDARDIZE_PRINT","7_MAJOR_OFFICE_WORKFLOWS","179"
"/crm/accounts","apps/web/app/crm/accounts/page.tsx","crm","Sales & Pre-Award","Accounts","Accounts operational work surface","Sales; estimators; sales managers; bid and tender teams","API guard-derived permissions; page-level visibility NOT VERIFIED","tenant + organization","register-or-workspace","/api/... | /api/crm/accounts/${id} | /api/crm/accounts/export/xlsx | /api/crm/accounts/portfolio | /api/v1/ | /api/v1/... | /api/workspace/me | /api/workspace/users","Detected in UI source; verify against domain state machine","accounts-portfolio-client | ui/data-state","apps/web/app/crm/loading.tsx","PRESENT_SIGNAL_NOT_VERIFIED","apps/web/app/crm/error.tsx","PRESENT_SIGNAL_NOT_VERIFIED","PRESENT_SIGNAL_NOT_VERIFIED","PRESENT_SIGNAL_NOT_VERIFIED","PRESENT_SIGNAL_NOT_VERIFIED","PRESENT_SIGNAL_NOT_VERIFIED","MISSING_OR_NA","FLUID_ONLY","SEMANTIC_SIGNAL_NOT_VERIFIED","LINK_SIGNAL_NOT_VERIFIED","N/A_OR_REVIEW","STANDARD","IMPLEMENTED_PAGE_SURFACE","NOT_VERIFIED_TO_PAGE_DOD","A_RETAIN_AND_INTEGRATE","REFACTOR_INCREMENTALLY","7_MAJOR_OFFICE_WORKFLOWS","23"
"/crm/accounts/print","apps/web/app/crm/accounts/print/page.tsx","crm","Sales & Pre-Award","Print","Crm print output","Sales; estimators; sales managers; bid and tender teams","API guard-derived permissions; page-level visibility NOT VERIFIED","tenant + organization","print","/api/crm/accounts","Detected in UI source; verify against domain state machine","ui/generated-at","apps/web/app/crm/loading.tsx","PRESENT_SIGNAL_NOT_VERIFIED","apps/web/app/crm/error.tsx","NOT_VERIFIED","MISSING_OR_NA","MISSING_OR_NA","MISSING_OR_NA","MISSING_OR_NA","MISSING_OR_NA","BREAKPOINT","SEMANTIC_SIGNAL_NOT_VERIFIED","MISSING_OR_NA","N/A_OR_REVIEW","STANDARD","IMPLEMENTED_PAGE_SURFACE","NOT_VERIFIED_TO_PAGE_DOD","A_RETAIN","KEEP_AND_STANDARDIZE_PRINT","7_MAJOR_OFFICE_WORKFLOWS","114"
"/crm/activities","apps/web/app/crm/activities/page.tsx","crm","Sales & Pre-Award","Activities","Activities operational work surface","Sales; estimators; sales managers; bid and tender teams","API guard-derived permissions; page-level visibility NOT VERIFIED","tenant + organization","register-or-workspace","/api/... | /api/crm/accounts | /api/crm/activities | /api/crm/activities/${a.id}/${action} | /api/crm/contacts | /api/crm/opportunities | /api/v1/ | /api/v1/...","Detected in UI source; verify against domain state machine","activities-client","apps/web/app/crm/loading.tsx","PRESENT_SIGNAL_NOT_VERIFIED","apps/web/app/crm/error.tsx","NOT_VERIFIED","PRESENT_SIGNAL_NOT_VERIFIED","PRESENT_SIGNAL_NOT_VERIFIED","PRESENT_SIGNAL_NOT_VERIFIED","MISSING_OR_NA","PRESENT_SIGNAL_NOT_VERIFIED","FLUID_ONLY","SEMANTIC_SIGNAL_NOT_VERIFIED","LINK_SIGNAL_NOT_VERIFIED","N/A_OR_REVIEW","STANDARD","IMPLEMENTED_PAGE_SURFACE","NOT_VERIFIED_TO_PAGE_DOD","A_RETAIN_AND_INTEGRATE","REFACTOR_INCREMENTALLY","7_MAJOR_OFFICE_WORKFLOWS","66"
"/crm/campaigns","apps/web/app/crm/campaigns/page.tsx","crm","Sales & Pre-Award","Campaigns","Campaigns operational work surface","Sales; estimators; sales managers; bid and tender teams","API guard-derived permissions; page-level visibility NOT VERIFIED","tenant + organization","register-or-workspace","/api/... | /api/crm/campaigns | /api/crm/campaigns/${id}/${path} | /api/v1/ | /api/v1/...","Detected in UI source; verify against domain state machine","campaigns-client","apps/web/app/crm/loading.tsx","PRESENT_SIGNAL_NOT_VERIFIED","apps/web/app/crm/error.tsx","NOT_VERIFIED","MISSING_OR_NA","MISSING_OR_NA","MISSING_OR_NA","MISSING_OR_NA","MISSING_OR_NA","FLUID_ONLY","SEMANTIC_SIGNAL_NOT_VERIFIED","MISSING_OR_NA","N/A_OR_REVIEW","STANDARD","IMPLEMENTED_PAGE_SURFACE","NOT_VERIFIED_TO_PAGE_DOD","B_EXISTS_UX_WEAK","REFACTOR_INCREMENTALLY","7_MAJOR_OFFICE_WORKFLOWS","27"
"/crm/commercial","apps/web/app/crm/commercial/page.tsx","crm","Commercial & Contracts","Commercial","Commercial operational work surface","Commercial; contracts; quantity surveyors; project managers; finance","API guard-derived permissions; page-level visibility NOT VERIFIED","tenant + organization","register-or-workspace","/api/... | /api/contracts/contracts | /api/crm/quotations | /api/document-requirements?entityType=crm.quotation | /api/documents?aggregateType=crm.quotation | /api/tendering/tenders/pricing/sheets | /api/v1/ | /api/v1/...","Detected in UI source; verify against domain state machine","commercial-workspace | decision-readiness","apps/web/app/crm/loading.tsx","PRESENT_SIGNAL_NOT_VERIFIED","apps/web/app/crm/error.tsx","NOT_VERIFIED","MISSING_OR_NA","PRESENT_SIGNAL_NOT_VERIFIED","MISSING_OR_NA","MISSING_OR_NA","MISSING_OR_NA","FLUID_ONLY","SEMANTIC_SIGNAL_NOT_VERIFIED","LINK_SIGNAL_NOT_VERIFIED","N/A_OR_REVIEW","STANDARD","IMPLEMENTED_PAGE_SURFACE","NOT_VERIFIED_TO_PAGE_DOD","B_EXISTS_UX_WEAK","REFACTOR_INCREMENTALLY","7_MAJOR_OFFICE_WORKFLOWS","52"
"/crm/contacts/[id]","apps/web/app/crm/contacts/[id]/page.tsx","crm","Sales & Pre-Award","Contacts","Crm record detail and governed actions","Sales; estimators; sales managers; bid and tender teams","API guard-derived permissions; page-level visibility NOT VERIFIED","tenant + organization","record-detail","/api/... | /api/crm/contacts/${contactId} | /api/crm/contacts/${contactId}/summary | /api/crm/contacts/${id} | /api/v1/ | /api/v1/...","Detected in UI source; verify against domain state machine","contact-360-client | record-chrome","apps/web/app/crm/loading.tsx","PRESENT_SIGNAL_NOT_VERIFIED","apps/web/app/crm/error.tsx","NOT_VERIFIED","MISSING_OR_NA","PRESENT_SIGNAL_NOT_VERIFIED","MISSING_OR_NA","MISSING_OR_NA","MISSING_OR_NA","FLUID_ONLY","SEMANTIC_SIGNAL_NOT_VERIFIED","LINK_SIGNAL_NOT_VERIFIED","STANDARD_SIGNAL_PRESENT","STANDARD","IMPLEMENTED_PAGE_SURFACE","NOT_VERIFIED_TO_PAGE_DOD","B_EXISTS_UX_WEAK","REFACTOR_TO_RECORD_360_STANDARD","7_MAJOR_OFFICE_WORKFLOWS","46"
"/crm/contacts","apps/web/app/crm/contacts/page.tsx","crm","Sales & Pre-Award","Contacts","Contacts operational work surface","Sales; estimators; sales managers; bid and tender teams","API guard-derived permissions; page-level visibility NOT VERIFIED","tenant + organization","register-or-workspace","/api/... | /api/crm/accounts | /api/crm/contacts | /api/crm/contacts/${c.id} | /api/v1/ | /api/v1/...","Detected in UI source; verify against domain state machine","contacts-client","apps/web/app/crm/loading.tsx","PRESENT_SIGNAL_NOT_VERIFIED","apps/web/app/crm/error.tsx","NOT_VERIFIED","PRESENT_SIGNAL_NOT_VERIFIED","PRESENT_SIGNAL_NOT_VERIFIED","MISSING_OR_NA","MISSING_OR_NA","MISSING_OR_NA","FLUID_ONLY","SEMANTIC_SIGNAL_NOT_VERIFIED","LINK_SIGNAL_NOT_VERIFIED","N/A_OR_REVIEW","STANDARD","IMPLEMENTED_PAGE_SURFACE","NOT_VERIFIED_TO_PAGE_DOD","B_EXISTS_UX_WEAK","REFACTOR_INCREMENTALLY","7_MAJOR_OFFICE_WORKFLOWS","50"
"/crm/leads/[id]","apps/web/app/crm/leads/[id]/page.tsx","crm","Sales & Pre-Award","Leads","Crm record detail and governed actions","Sales; estimators; sales managers; bid and tender teams","API guard-derived permissions; page-level visibility NOT VERIFIED","tenant + organization","record-detail","/api/... | /api/crm/accounts | /api/crm/activities | /api/crm/leads/${id} | /api/crm/leads/${id}/qualification | /api/crm/leads/${lead.id} | /api/crm/leads/${lead.id}/qualification | /api/v1/ | /api/v1/... | /api/workspace/me","Detected in UI source; verify against domain state machine","lead-360-client | record-chrome","apps/web/app/crm/loading.tsx","PRESENT_SIGNAL_NOT_VERIFIED","apps/web/app/crm/error.tsx","NOT_VERIFIED","MISSING_OR_NA","MISSING_OR_NA","MISSING_OR_NA","MISSING_OR_NA","MISSING_OR_NA","NONE","SEMANTIC_SIGNAL_NOT_VERIFIED","LINK_SIGNAL_NOT_VERIFIED","STANDARD_SIGNAL_PRESENT","STANDARD","IMPLEMENTED_PAGE_SURFACE","NOT_VERIFIED_TO_PAGE_DOD","B_EXISTS_UX_WEAK","REFACTOR_TO_RECORD_360_STANDARD","7_MAJOR_OFFICE_WORKFLOWS","51"
"/crm/leads","apps/web/app/crm/leads/page.tsx","crm","Sales & Pre-Award","Leads","Leads operational work surface","Sales; estimators; sales managers; bid and tender teams","API guard-derived permissions; page-level visibility NOT VERIFIED","tenant + organization","register-or-workspace","/api/... | /api/crm/accounts | /api/crm/leads | /api/crm/leads/${id}/convert | /api/crm/leads/${id}/convert-preview | /api/crm/leads/${r.id}/accept | /api/crm/leads/command | /api/crm/opportunities | /api/crm/signals | /api/crm/signals/${id}/${path} | /api/crm/signals/radar | /api/v1/ | /api/v1/...","Detected in UI source; verify against domain state machine","lead-attention-panel | sales-pipeline-workspace | signals-radar","apps/web/app/crm/loading.tsx","PRESENT_SIGNAL_NOT_VERIFIED","apps/web/app/crm/error.tsx","NOT_VERIFIED","MISSING_OR_NA","PRESENT_SIGNAL_NOT_VERIFIED","MISSING_OR_NA","MISSING_OR_NA","MISSING_OR_NA","FLUID_ONLY","SEMANTIC_SIGNAL_NOT_VERIFIED","LINK_SIGNAL_NOT_VERIFIED","N/A_OR_REVIEW","STANDARD","IMPLEMENTED_PAGE_SURFACE","NOT_VERIFIED_TO_PAGE_DOD","B_EXISTS_UX_WEAK","REFACTOR_INCREMENTALLY","7_MAJOR_OFFICE_WORKFLOWS","71"
"/crm/market-intelligence","apps/web/app/crm/market-intelligence/page.tsx","crm","Sales & Pre-Award","Market Intelligence","Market Intelligence operational work surface","Sales; estimators; sales managers; bid and tender teams","API guard-derived permissions; page-level visibility NOT VERIFIED","tenant + organization","register-or-workspace","/api/crm/market-items | /api/crm/market-items/${id} | /api/crm/market-items?${params} | /api/crm/market-items?seed=1","Detected in UI source; verify against domain state machine","market-intelligence-client","apps/web/app/crm/loading.tsx","PRESENT_SIGNAL_NOT_VERIFIED","apps/web/app/crm/error.tsx","NOT_VERIFIED","PRESENT_SIGNAL_NOT_VERIFIED","PRESENT_SIGNAL_NOT_VERIFIED","MISSING_OR_NA","MISSING_OR_NA","MISSING_OR_NA","NONE","SEMANTIC_SIGNAL_NOT_VERIFIED","MISSING_OR_NA","N/A_OR_REVIEW","STANDARD","IMPLEMENTED_PAGE_SURFACE","NOT_VERIFIED_TO_PAGE_DOD","B_EXISTS_UX_WEAK","REFACTOR_INCREMENTALLY","7_MAJOR_OFFICE_WORKFLOWS","25"
"/crm/my-day","apps/web/app/crm/my-day/page.tsx","crm","AURA Home","My Day","My Day operational work surface","All authorized users","API guard-derived permissions; page-level visibility NOT VERIFIED","tenant + organization","register-or-workspace","/api/... | /api/contracts/contracts | /api/crm/activities | /api/crm/activities/${task.id}/${action} | /api/crm/my-day | /api/crm/my-day${username | /api/crm/opportunities/pipeline | /api/crm/quotations | /api/crm/signals/radar | /api/inbox | /api/notifications | /api/notifications/${id}/read | /api/tendering/tenders | /api/v1/ | /api/v1/... | /api/workspace/config | /api/workspace/me","Detected in UI source; verify against domain state machine","crm/record-shell | my-day-inbox | my-day-layout | my-day-notifications | my-day-quick-add | my-day-tasks","apps/web/app/crm/loading.tsx","PRESENT_SIGNAL_NOT_VERIFIED","apps/web/app/crm/error.tsx","NOT_VERIFIED","MISSING_OR_NA","PRESENT_SIGNAL_NOT_VERIFIED","PRESENT_SIGNAL_NOT_VERIFIED","MISSING_OR_NA","MISSING_OR_NA","FLUID_ONLY","SEMANTIC_SIGNAL_NOT_VERIFIED","LINK_SIGNAL_NOT_VERIFIED","N/A_OR_REVIEW","STANDARD","IMPLEMENTED_PAGE_SURFACE","NOT_VERIFIED_TO_PAGE_DOD","B_EXISTS_UX_WEAK","REFACTOR_INCREMENTALLY","9_FULL_ROUTE_SWEEP","470"
"/crm/opportunities/[id]","apps/web/app/crm/opportunities/[id]/page.tsx","crm","Sales & Pre-Award","Opportunities","Crm record detail and governed actions","Sales; estimators; sales managers; bid and tender teams","API guard-derived permissions; page-level visibility NOT VERIFIED","tenant + organization","record-detail","/api/... | /api/crm/activities | /api/crm/opportunities/${id} | /api/crm/opportunities/${opportunityId} | /api/crm/opportunities/${opportunityId}/convert-to-quotation | /api/crm/opportunities/${opportunityId}/start-tender | /api/crm/opportunities/${opportunityId}/summary | /api/v1/ | /api/v1/...","Detected in UI source; verify against domain state machine","opportunity-360-client | record-chrome","apps/web/app/crm/loading.tsx","PRESENT_SIGNAL_NOT_VERIFIED","apps/web/app/crm/error.tsx","NOT_VERIFIED","MISSING_OR_NA","PRESENT_SIGNAL_NOT_VERIFIED","PRESENT_SIGNAL_NOT_VERIFIED","MISSING_OR_NA","MISSING_OR_NA","FLUID_ONLY","SEMANTIC_SIGNAL_NOT_VERIFIED","LINK_SIGNAL_NOT_VERIFIED","STANDARD_SIGNAL_PRESENT","STANDARD","IMPLEMENTED_PAGE_SURFACE","NOT_VERIFIED_TO_PAGE_DOD","B_EXISTS_UX_WEAK","REFACTOR_TO_RECORD_360_STANDARD","7_MAJOR_OFFICE_WORKFLOWS","45"
"/crm/overview","apps/web/app/crm/overview/page.tsx","crm","Sales & Pre-Award","Overview","Overview status, attention and navigation","Sales; estimators; sales managers; bid and tender teams","API guard-derived permissions; page-level visibility NOT VERIFIED","tenant + organization","home-or-command-center","/api/... | /api/crm/opportunities/pipeline | /api/crm/quotations | /api/v1/ | /api/v1/...","Detected in UI source; verify against domain state machine","","apps/web/app/crm/loading.tsx","PRESENT_SIGNAL_NOT_VERIFIED","apps/web/app/crm/error.tsx","NOT_VERIFIED","MISSING_OR_NA","PRESENT_SIGNAL_NOT_VERIFIED","PRESENT_SIGNAL_NOT_VERIFIED","MISSING_OR_NA","MISSING_OR_NA","FLUID_ONLY","NOT_VERIFIED","LINK_SIGNAL_NOT_VERIFIED","N/A_OR_REVIEW","STANDARD","IMPLEMENTED_PAGE_SURFACE","NOT_VERIFIED_TO_PAGE_DOD","B_EXISTS_UX_WEAK","REBUILD_AS_SUITE_OR_FUNCTION_HOME","7_MAJOR_OFFICE_WORKFLOWS","140"
"/crm/quotations/[id]","apps/web/app/crm/quotations/[id]/page.tsx","crm","Sales & Pre-Award","Quotations","Crm record detail and governed actions","Sales; estimators; sales managers; bid and tender teams","API guard-derived permissions; page-level visibility NOT VERIFIED","tenant + organization","record-detail","/api/... | /api/crm/activities | /api/crm/quotations/${id} | /api/crm/quotations/${id}/revisions | /api/crm/quotations/${q.id}/convert-to-contract | /api/crm/quotations/${q.id}/revise | /api/crm/quotations/${q.id}/status | /api/crm/quotations/${q.id}/terms | /api/v1/ | /api/v1/...","Detected in UI source; verify against domain state machine","quotation-360-client | record-chrome","apps/web/app/crm/loading.tsx","PRESENT_SIGNAL_NOT_VERIFIED","apps/web/app/crm/error.tsx","NOT_VERIFIED","MISSING_OR_NA","PRESENT_SIGNAL_NOT_VERIFIED","MISSING_OR_NA","MISSING_OR_NA","MISSING_OR_NA","NONE","SEMANTIC_SIGNAL_NOT_VERIFIED","LINK_SIGNAL_NOT_VERIFIED","STANDARD_SIGNAL_PRESENT","STANDARD","IMPLEMENTED_PAGE_SURFACE","NOT_VERIFIED_TO_PAGE_DOD","B_EXISTS_UX_WEAK","REFACTOR_TO_RECORD_360_STANDARD","7_MAJOR_OFFICE_WORKFLOWS","23"
"/crm/quotations/[id]/pricing","apps/web/app/crm/quotations/[id]/pricing/page.tsx","crm","Sales & Pre-Award","Pricing","Quotations record detail and governed actions","Sales; estimators; sales managers; bid and tender teams","API guard-derived permissions; page-level visibility NOT VERIFIED","tenant + organization","record-detail","/api/... | /api/crm/pricing-sheets | /api/crm/pricing-sheets/${sheet.id}/compare | /api/crm/pricing-sheets/${sheet.id}/deal-context | /api/crm/pricing-sheets/${sheet.id}/freeze | /api/crm/pricing-sheets/${sheet.id}/generate-quotation | /api/crm/pricing-sheets/${sheet.id}/lines | /api/crm/pricing-sheets/${sheet.id}/revise | /api/crm/pricing-sheets?quotationId=${id} | /api/crm/product-knowledge?q=${encodeURIComponent | /api/crm/quotations/${id} | /api/crm/quotations/${id}/pricing/advice | /api/v1/ | /api/v1/...","Detected in UI source; verify against domain state machine","pricing-advice-panel | pricing-workspace | record-chrome","apps/web/app/crm/loading.tsx","PRESENT_SIGNAL_NOT_VERIFIED","apps/web/app/crm/error.tsx","NOT_VERIFIED","MISSING_OR_NA","PRESENT_SIGNAL_NOT_VERIFIED","MISSING_OR_NA","MISSING_OR_NA","MISSING_OR_NA","FLUID_ONLY","SEMANTIC_SIGNAL_NOT_VERIFIED","LINK_SIGNAL_NOT_VERIFIED","STANDARD_SIGNAL_PRESENT","STANDARD","IMPLEMENTED_PAGE_SURFACE","NOT_VERIFIED_TO_PAGE_DOD","B_EXISTS_UX_WEAK","REFACTOR_TO_RECORD_360_STANDARD","7_MAJOR_OFFICE_WORKFLOWS","47"
"/crm/quotations/[id]/pricing/print","apps/web/app/crm/quotations/[id]/pricing/print/page.tsx","crm","Sales & Pre-Award","Print","Quotations print output","Sales; estimators; sales managers; bid and tender teams","API guard-derived permissions; page-level visibility NOT VERIFIED","tenant + organization","print","/api/... | /api/crm/quotations/${id} | /api/crm/quotations/${id}/pricing | /api/v1/ | /api/v1/...","Detected in UI source; verify against domain state machine","","apps/web/app/crm/loading.tsx","PRESENT_SIGNAL_NOT_VERIFIED","apps/web/app/crm/error.tsx","NOT_VERIFIED","MISSING_OR_NA","MISSING_OR_NA","MISSING_OR_NA","MISSING_OR_NA","MISSING_OR_NA","NONE","SEMANTIC_SIGNAL_NOT_VERIFIED","MISSING_OR_NA","N/A_OR_REVIEW","STANDARD","IMPLEMENTED_PAGE_SURFACE","NOT_VERIFIED_TO_PAGE_DOD","A_RETAIN","KEEP_AND_STANDARDIZE_PRINT","7_MAJOR_OFFICE_WORKFLOWS","143"
"/crm/quotations/[id]/print","apps/web/app/crm/quotations/[id]/print/page.tsx","crm","Sales & Pre-Award","Print","Crm print output","Sales; estimators; sales managers; bid and tender teams","API guard-derived permissions; page-level visibility NOT VERIFIED","tenant + organization","print","/api/... | /api/crm/quotations/${id} | /api/v1/ | /api/v1/...","Detected in UI source; verify against domain state machine","document-sheet","apps/web/app/crm/loading.tsx","PRESENT_SIGNAL_NOT_VERIFIED","apps/web/app/crm/error.tsx","NOT_VERIFIED","MISSING_OR_NA","MISSING_OR_NA","MISSING_OR_NA","MISSING_OR_NA","MISSING_OR_NA","BREAKPOINT","SEMANTIC_SIGNAL_NOT_VERIFIED","MISSING_OR_NA","N/A_OR_REVIEW","STANDARD","IMPLEMENTED_PAGE_SURFACE","NOT_VERIFIED_TO_PAGE_DOD","A_RETAIN","KEEP_AND_STANDARDIZE_PRINT","7_MAJOR_OFFICE_WORKFLOWS","43"
"/crm/quotations","apps/web/app/crm/quotations/page.tsx","crm","Sales & Pre-Award","Quotations","Quotations operational work surface","Sales; estimators; sales managers; bid and tender teams","API guard-derived permissions; page-level visibility NOT VERIFIED","tenant + organization","register-or-workspace","/api/... | /api/crm/quotations | /api/v1/ | /api/v1/...","Detected in UI source; verify against domain state machine","quotations-workspace | ui/data-state","apps/web/app/crm/loading.tsx","PRESENT_SIGNAL_NOT_VERIFIED","apps/web/app/crm/error.tsx","PRESENT_SIGNAL_NOT_VERIFIED","MISSING_OR_NA","PRESENT_SIGNAL_NOT_VERIFIED","PRESENT_SIGNAL_NOT_VERIFIED","PRESENT_SIGNAL_NOT_VERIFIED","MISSING_OR_NA","FLUID_ONLY","SEMANTIC_SIGNAL_NOT_VERIFIED","LINK_SIGNAL_NOT_VERIFIED","N/A_OR_REVIEW","STANDARD","IMPLEMENTED_PAGE_SURFACE","NOT_VERIFIED_TO_PAGE_DOD","B_EXISTS_UX_WEAK","REFACTOR_INCREMENTALLY","7_MAJOR_OFFICE_WORKFLOWS","59"
"/doccontrol/register/[id]","apps/web/app/doccontrol/register/[id]/page.tsx","doccontrol","Project Delivery","Register","Doccontrol record detail and governed actions","Project managers; engineers; site; QA/QC; HSE; commissioning; document control","API guard-derived permissions; page-level visibility NOT VERIFIED","tenant + organization; project filter varies by page","record-detail","/api/... | /api/doccontrol/register/${id}/history | /api/doccontrol/register/${id}/revisions | /api/doccontrol/revisions/${revisionId}/${command} | /api/v1/ | /api/v1/...","Detected in UI source; verify against domain state machine","document-workflow-actions","apps/web/app/doccontrol/loading.tsx","PRESENT_SIGNAL_NOT_VERIFIED","apps/web/app/doccontrol/error.tsx","NOT_VERIFIED","MISSING_OR_NA","PRESENT_SIGNAL_NOT_VERIFIED","MISSING_OR_NA","MISSING_OR_NA","MISSING_OR_NA","NONE","SEMANTIC_SIGNAL_NOT_VERIFIED","LINK_SIGNAL_NOT_VERIFIED","REQUIRED","HIGH_FOR_FIELD_ROUTES","IMPLEMENTED_PAGE_SURFACE","NOT_VERIFIED_TO_PAGE_DOD","B_EXISTS_UX_WEAK","REFACTOR_TO_RECORD_360_STANDARD","6_PROJECT_DELIVERY","178"
"/doccontrol/register","apps/web/app/doccontrol/register/page.tsx","doccontrol","Project Delivery","Register","Register operational work surface","Project managers; engineers; site; QA/QC; HSE; commissioning; document control","API guard-derived permissions; page-level visibility NOT VERIFIED","tenant + organization; project filter varies by page","register-or-workspace","/api/... | /api/doccontrol/register | /api/v1/ | /api/v1/...","Detected in UI source; verify against domain state machine","","apps/web/app/doccontrol/loading.tsx","PRESENT_SIGNAL_NOT_VERIFIED","apps/web/app/doccontrol/error.tsx","NOT_VERIFIED","MISSING_OR_NA","MISSING_OR_NA","PRESENT_SIGNAL_NOT_VERIFIED","MISSING_OR_NA","MISSING_OR_NA","NONE","SEMANTIC_SIGNAL_NOT_VERIFIED","LINK_SIGNAL_NOT_VERIFIED","N/A_OR_REVIEW","HIGH_FOR_FIELD_ROUTES","IMPLEMENTED_PAGE_SURFACE","NOT_VERIFIED_TO_PAGE_DOD","B_EXISTS_UX_WEAK","REFACTOR_INCREMENTALLY","6_PROJECT_DELIVERY","99"
"/doccontrol/submittals","apps/web/app/doccontrol/submittals/page.tsx","doccontrol","Project Delivery","Submittals","Submittals operational work surface","Project managers; engineers; site; QA/QC; HSE; commissioning; document control","API guard-derived permissions; page-level visibility NOT VERIFIED","tenant + organization; project filter varies by page","register-or-workspace","/api/... | /api/doccontrol/submittals | /api/doccontrol/submittals/${id}/return | /api/doccontrol/submittals/${id}/submit | /api/v1/ | /api/v1/...","Detected in UI source; verify against domain state machine","submittals-client","apps/web/app/doccontrol/loading.tsx","PRESENT_SIGNAL_NOT_VERIFIED","apps/web/app/doccontrol/error.tsx","NOT_VERIFIED","MISSING_OR_NA","PRESENT_SIGNAL_NOT_VERIFIED","MISSING_OR_NA","MISSING_OR_NA","MISSING_OR_NA","NONE","SEMANTIC_SIGNAL_NOT_VERIFIED","MISSING_OR_NA","N/A_OR_REVIEW","HIGH_FOR_FIELD_ROUTES","IMPLEMENTED_PAGE_SURFACE","NOT_VERIFIED_TO_PAGE_DOD","B_EXISTS_UX_WEAK","REFACTOR_INCREMENTALLY","6_PROJECT_DELIVERY","43"
"/doccontrol/transmittals","apps/web/app/doccontrol/transmittals/page.tsx","doccontrol","Project Delivery","Transmittals","Transmittals operational work surface","Project managers; engineers; site; QA/QC; HSE; commissioning; document control","API guard-derived permissions; page-level visibility NOT VERIFIED","tenant + organization; project filter varies by page","register-or-workspace","/api/... | /api/doccontrol/transmittals | /api/v1/ | /api/v1/...","Detected in UI source; verify against domain state machine","","apps/web/app/doccontrol/loading.tsx","PRESENT_SIGNAL_NOT_VERIFIED","apps/web/app/doccontrol/error.tsx","NOT_VERIFIED","MISSING_OR_NA","MISSING_OR_NA","PRESENT_SIGNAL_NOT_VERIFIED","MISSING_OR_NA","MISSING_OR_NA","NONE","SEMANTIC_SIGNAL_NOT_VERIFIED","LINK_SIGNAL_NOT_VERIFIED","N/A_OR_REVIEW","HIGH_FOR_FIELD_ROUTES","IMPLEMENTED_PAGE_SURFACE","NOT_VERIFIED_TO_PAGE_DOD","B_EXISTS_UX_WEAK","REFACTOR_INCREMENTALLY","6_PROJECT_DELIVERY","90"
"/documents/control","apps/web/app/documents/control/page.tsx","documents","Workplace & Collaboration","Control","Control status, attention and navigation","All authorized users; managers; document controllers","API guard-derived permissions; page-level visibility NOT VERIFIED","tenant + organization","home-or-command-center","/api/... | /api/doccontrol/correspondence | /api/doccontrol/correspondence/${id}/close | /api/doccontrol/register | /api/doccontrol/register/${id}/history | /api/doccontrol/register/${id}/revise | /api/doccontrol/transmittals | /api/doccontrol/transmittals/${id}/acknowledge | /api/projects/projects | /api/v1/ | /api/v1/...","Detected in UI source; verify against domain state machine","doccontrol-client","apps/web/app/documents/loading.tsx","PRESENT_SIGNAL_NOT_VERIFIED","apps/web/app/documents/error.tsx","NOT_VERIFIED","MISSING_OR_NA","MISSING_OR_NA","MISSING_OR_NA","MISSING_OR_NA","MISSING_OR_NA","FLUID_ONLY","SEMANTIC_SIGNAL_NOT_VERIFIED","MISSING_OR_NA","N/A_OR_REVIEW","STANDARD","IMPLEMENTED_PAGE_SURFACE","NOT_VERIFIED_TO_PAGE_DOD","B_EXISTS_UX_WEAK","REBUILD_AS_SUITE_OR_FUNCTION_HOME","8_REMAINING_SUITES","92"
"/documents","apps/web/app/documents/page.tsx","documents","Workplace & Collaboration","Documents","Documents operational work surface","All authorized users; managers; document controllers","API guard-derived permissions; page-level visibility NOT VERIFIED","tenant + organization","register-or-workspace","/api/... | /api/documents | /api/v1/ | /api/v1/...","Detected in UI source; verify against domain state machine","ui/empty-state","apps/web/app/documents/loading.tsx","PRESENT_SIGNAL_NOT_VERIFIED","apps/web/app/documents/error.tsx","NOT_VERIFIED","MISSING_OR_NA","MISSING_OR_NA","MISSING_OR_NA","MISSING_OR_NA","MISSING_OR_NA","NONE","SEMANTIC_SIGNAL_NOT_VERIFIED","LINK_SIGNAL_NOT_VERIFIED","N/A_OR_REVIEW","STANDARD","IMPLEMENTED_PAGE_SURFACE","NOT_VERIFIED_TO_PAGE_DOD","B_EXISTS_UX_WEAK","REFACTOR_INCREMENTALLY","8_REMAINING_SUITES","92"
"/engineering/drawings/[id]","apps/web/app/engineering/drawings/[id]/page.tsx","engineering","Project Delivery","Drawings","Engineering record detail and governed actions","Project managers; engineers; site; QA/QC; HSE; commissioning; document control","API guard-derived permissions; page-level visibility NOT VERIFIED","tenant + organization; project filter varies by page","record-detail","/api/... | /api/engineering/drawings/${id} | /api/engineering/drawings/${id}/${command} | /api/engineering/drawings/${id}/reviews | /api/engineering/drawings/${id}/submissions | /api/engineering/drawings/revisions?projectId=${encodeURIComponent | /api/v1/ | /api/v1/...","Detected in UI source; verify against domain state machine","drawing-workflow-actions","apps/web/app/engineering/loading.tsx","PRESENT_SIGNAL_NOT_VERIFIED","apps/web/app/engineering/error.tsx","NOT_VERIFIED","MISSING_OR_NA","MISSING_OR_NA","MISSING_OR_NA","MISSING_OR_NA","MISSING_OR_NA","NONE","SEMANTIC_SIGNAL_NOT_VERIFIED","LINK_SIGNAL_NOT_VERIFIED","REQUIRED","HIGH_FOR_FIELD_ROUTES","IMPLEMENTED_PAGE_SURFACE","NOT_VERIFIED_TO_PAGE_DOD","B_EXISTS_UX_WEAK","REFACTOR_TO_RECORD_360_STANDARD","6_PROJECT_DELIVERY","235"
"/engineering/drawings","apps/web/app/engineering/drawings/page.tsx","engineering","Project Delivery","Drawings","Drawings operational work surface","Project managers; engineers; site; QA/QC; HSE; commissioning; document control","API guard-derived permissions; page-level visibility NOT VERIFIED","tenant + organization; project filter varies by page","register-or-workspace","/api/... | /api/engineering/drawings | /api/v1/ | /api/v1/...","Detected in UI source; verify against domain state machine","","apps/web/app/engineering/loading.tsx","PRESENT_SIGNAL_NOT_VERIFIED","apps/web/app/engineering/error.tsx","NOT_VERIFIED","MISSING_OR_NA","MISSING_OR_NA","PRESENT_SIGNAL_NOT_VERIFIED","MISSING_OR_NA","MISSING_OR_NA","NONE","SEMANTIC_SIGNAL_NOT_VERIFIED","LINK_SIGNAL_NOT_VERIFIED","N/A_OR_REVIEW","HIGH_FOR_FIELD_ROUTES","IMPLEMENTED_PAGE_SURFACE","NOT_VERIFIED_TO_PAGE_DOD","B_EXISTS_UX_WEAK","REFACTOR_INCREMENTALLY","6_PROJECT_DELIVERY","121"
"/engineering","apps/web/app/engineering/page.tsx","engineering","Project Delivery","Engineering","Engineering operational work surface","Project managers; engineers; site; QA/QC; HSE; commissioning; document control","API guard-derived permissions; page-level visibility NOT VERIFIED","tenant + organization; project filter varies by page","register-or-workspace","/api/... | /api/engineering/bim-models | /api/engineering/bim-models/${id}/version | /api/engineering/design-changes | /api/engineering/design-changes/${id}/decision | /api/engineering/document-types | /api/engineering/documents | /api/engineering/drawings | /api/engineering/rfis | /api/engineering/rfis/${id}/answer | /api/engineering/submittals | /api/engineering/submittals/${id}/status | /api/engineering/technical-queries | /api/engineering/technical-queries/${id}/respond | /api/projects/projects | /api/v1/ | /api/v1/...","Detected in UI source; verify against domain state machine","engineering-client","apps/web/app/engineering/loading.tsx","PRESENT_SIGNAL_NOT_VERIFIED","apps/web/app/engineering/error.tsx","NOT_VERIFIED","MISSING_OR_NA","PRESENT_SIGNAL_NOT_VERIFIED","PRESENT_SIGNAL_NOT_VERIFIED","MISSING_OR_NA","MISSING_OR_NA","FLUID_ONLY","SEMANTIC_SIGNAL_NOT_VERIFIED","LINK_SIGNAL_NOT_VERIFIED","N/A_OR_REVIEW","HIGH_FOR_FIELD_ROUTES","IMPLEMENTED_PAGE_SURFACE","NOT_VERIFIED_TO_PAGE_DOD","B_EXISTS_UX_WEAK","REFACTOR_INCREMENTALLY","6_PROJECT_DELIVERY","159"
"/events","apps/web/app/events/page.tsx","events","Workplace & Collaboration","Events","Events operational work surface","All authorized users; managers; document controllers","API guard-derived permissions; page-level visibility NOT VERIFIED","tenant + organization","register-or-workspace","/api/... | /api/events | /api/v1/ | /api/v1/...","Detected in UI source; verify against domain state machine","ui/empty-state","apps/web/app/events/loading.tsx","PRESENT_SIGNAL_NOT_VERIFIED","apps/web/app/events/error.tsx","NOT_VERIFIED","MISSING_OR_NA","PRESENT_SIGNAL_NOT_VERIFIED","MISSING_OR_NA","MISSING_OR_NA","MISSING_OR_NA","NONE","SEMANTIC_SIGNAL_NOT_VERIFIED","LINK_SIGNAL_NOT_VERIFIED","N/A_OR_REVIEW","STANDARD","IMPLEMENTED_PAGE_SURFACE","NOT_VERIFIED_TO_PAGE_DOD","B_EXISTS_UX_WEAK","REFACTOR_INCREMENTALLY","8_REMAINING_SUITES","83"
"/finance/ap-aging","apps/web/app/finance/ap-aging/page.tsx","finance","Finance","Ap Aging","Ap Aging operational work surface","Finance; commercial; approvers; executives","API guard-derived permissions; page-level visibility NOT VERIFIED","tenant + organization","register-or-workspace","/api/... | /api/finance/ap-aging/csv | /api/finance/invoices/aging | /api/v1/ | /api/v1/...","Detected in UI source; verify against domain state machine","","apps/web/app/finance/loading.tsx","PRESENT_SIGNAL_NOT_VERIFIED","apps/web/app/finance/error.tsx","NOT_VERIFIED","MISSING_OR_NA","MISSING_OR_NA","MISSING_OR_NA","MISSING_OR_NA","MISSING_OR_NA","NONE","SEMANTIC_SIGNAL_NOT_VERIFIED","LINK_SIGNAL_NOT_VERIFIED","N/A_OR_REVIEW","STANDARD","IMPLEMENTED_PAGE_SURFACE","NOT_VERIFIED_TO_PAGE_DOD","B_EXISTS_UX_WEAK","REFACTOR_INCREMENTALLY","7_MAJOR_OFFICE_WORKFLOWS","96"
"/finance/ar-aging","apps/web/app/finance/ar-aging/page.tsx","finance","Finance","Ar Aging","Ar Aging operational work surface","Finance; commercial; approvers; executives","API guard-derived permissions; page-level visibility NOT VERIFIED","tenant + organization","register-or-workspace","/api/... | /api/finance/ar-aging/csv | /api/finance/customer-invoices/aging | /api/v1/ | /api/v1/...","Detected in UI source; verify against domain state machine","","apps/web/app/finance/loading.tsx","PRESENT_SIGNAL_NOT_VERIFIED","apps/web/app/finance/error.tsx","NOT_VERIFIED","MISSING_OR_NA","MISSING_OR_NA","MISSING_OR_NA","MISSING_OR_NA","MISSING_OR_NA","NONE","SEMANTIC_SIGNAL_NOT_VERIFIED","LINK_SIGNAL_NOT_VERIFIED","N/A_OR_REVIEW","STANDARD","IMPLEMENTED_PAGE_SURFACE","NOT_VERIFIED_TO_PAGE_DOD","B_EXISTS_UX_WEAK","REFACTOR_INCREMENTALLY","7_MAJOR_OFFICE_WORKFLOWS","96"
"/finance/bank-guarantees","apps/web/app/finance/bank-guarantees/page.tsx","finance","Finance","Bank Guarantees","Bank Guarantees operational work surface","Finance; commercial; approvers; executives","API guard-derived permissions; page-level visibility NOT VERIFIED","tenant + organization","register-or-workspace","/api/... | /api/finance/bank-guarantees | /api/finance/bank-guarantees/${id}/status | /api/v1/ | /api/v1/...","Detected in UI source; verify against domain state machine","bank-guarantees-client","apps/web/app/finance/loading.tsx","PRESENT_SIGNAL_NOT_VERIFIED","apps/web/app/finance/error.tsx","NOT_VERIFIED","MISSING_OR_NA","PRESENT_SIGNAL_NOT_VERIFIED","PRESENT_SIGNAL_NOT_VERIFIED","MISSING_OR_NA","MISSING_OR_NA","NONE","SEMANTIC_SIGNAL_NOT_VERIFIED","MISSING_OR_NA","N/A_OR_REVIEW","STANDARD","IMPLEMENTED_PAGE_SURFACE","NOT_VERIFIED_TO_PAGE_DOD","B_EXISTS_UX_WEAK","REFACTOR_INCREMENTALLY","7_MAJOR_OFFICE_WORKFLOWS","45"
"/finance/bank-reconciliation","apps/web/app/finance/bank-reconciliation/page.tsx","finance","Finance","Bank Reconciliation","Bank Reconciliation operational work surface","Finance; commercial; approvers; executives","API guard-derived permissions; page-level visibility NOT VERIFIED","tenant + organization","register-or-workspace","/api/finance/bank-transactions | /api/finance/bank-transactions/${id}/reconcile | /api/finance/bank-transactions/${id}/unreconcile | /api/finance/bank-transactions/auto-match | /api/finance/bank-transactions?bankAccountId=${encodeURIComponent","Detected in UI source; verify against domain state machine","bank-reconciliation-client","apps/web/app/finance/loading.tsx","PRESENT_SIGNAL_NOT_VERIFIED","apps/web/app/finance/error.tsx","NOT_VERIFIED","MISSING_OR_NA","PRESENT_SIGNAL_NOT_VERIFIED","MISSING_OR_NA","MISSING_OR_NA","MISSING_OR_NA","NONE","SEMANTIC_SIGNAL_NOT_VERIFIED","MISSING_OR_NA","N/A_OR_REVIEW","STANDARD","IMPLEMENTED_PAGE_SURFACE","NOT_VERIFIED_TO_PAGE_DOD","B_EXISTS_UX_WEAK","REFACTOR_INCREMENTALLY","7_MAJOR_OFFICE_WORKFLOWS","26"
"/finance/budgets","apps/web/app/finance/budgets/page.tsx","finance","Finance","Budgets","Budgets operational work surface","Finance; commercial; approvers; executives","API guard-derived permissions; page-level visibility NOT VERIFIED","tenant + organization","register-or-workspace","/api/... | /api/finance/accounts | /api/finance/budgets | /api/finance/budgets/${id}/vs-actual | /api/v1/ | /api/v1/...","Detected in UI source; verify against domain state machine","budgets-client","apps/web/app/finance/loading.tsx","PRESENT_SIGNAL_NOT_VERIFIED","apps/web/app/finance/error.tsx","NOT_VERIFIED","MISSING_OR_NA","PRESENT_SIGNAL_NOT_VERIFIED","MISSING_OR_NA","MISSING_OR_NA","MISSING_OR_NA","NONE","SEMANTIC_SIGNAL_NOT_VERIFIED","MISSING_OR_NA","N/A_OR_REVIEW","STANDARD","IMPLEMENTED_PAGE_SURFACE","NOT_VERIFIED_TO_PAGE_DOD","B_EXISTS_UX_WEAK","REFACTOR_INCREMENTALLY","7_MAJOR_OFFICE_WORKFLOWS","35"
"/finance/consolidation","apps/web/app/finance/consolidation/page.tsx","finance","Finance","Consolidation","Consolidation operational work surface","Finance; commercial; approvers; executives","API guard-derived permissions; page-level visibility NOT VERIFIED","tenant + organization","register-or-workspace","/api/... | /api/finance/statements/consolidated | /api/v1/ | /api/v1/...","Detected in UI source; verify against domain state machine","","apps/web/app/finance/loading.tsx","PRESENT_SIGNAL_NOT_VERIFIED","apps/web/app/finance/error.tsx","NOT_VERIFIED","MISSING_OR_NA","MISSING_OR_NA","MISSING_OR_NA","MISSING_OR_NA","MISSING_OR_NA","NONE","SEMANTIC_SIGNAL_NOT_VERIFIED","MISSING_OR_NA","N/A_OR_REVIEW","STANDARD","IMPLEMENTED_PAGE_SURFACE","NOT_VERIFIED_TO_PAGE_DOD","B_EXISTS_UX_WEAK","REFACTOR_INCREMENTALLY","7_MAJOR_OFFICE_WORKFLOWS","83"
"/finance/customer-invoices/[id]/print","apps/web/app/finance/customer-invoices/[id]/print/page.tsx","finance","Finance","Print","Finance print output","Finance; commercial; approvers; executives","API guard-derived permissions; page-level visibility NOT VERIFIED","tenant + organization","print","/api/... | /api/finance/customer-invoices/${id} | /api/v1/ | /api/v1/...","Detected in UI source; verify against domain state machine","document-sheet","apps/web/app/finance/loading.tsx","PRESENT_SIGNAL_NOT_VERIFIED","apps/web/app/finance/error.tsx","NOT_VERIFIED","MISSING_OR_NA","PRESENT_SIGNAL_NOT_VERIFIED","MISSING_OR_NA","MISSING_OR_NA","MISSING_OR_NA","BREAKPOINT","SEMANTIC_SIGNAL_NOT_VERIFIED","MISSING_OR_NA","N/A_OR_REVIEW","STANDARD","IMPLEMENTED_PAGE_SURFACE","NOT_VERIFIED_TO_PAGE_DOD","A_RETAIN","KEEP_AND_STANDARDIZE_PRINT","7_MAJOR_OFFICE_WORKFLOWS","55"
"/finance/customer-invoices","apps/web/app/finance/customer-invoices/page.tsx","finance","Finance","Customer Invoices","Customer Invoices operational work surface","Finance; commercial; approvers; executives","API guard-derived permissions; page-level visibility NOT VERIFIED","tenant + organization","register-or-workspace","/api/... | /api/finance/customer-invoices | /api/finance/customer-invoices/${id}/${action} | /api/v1/ | /api/v1/...","Detected in UI source; verify against domain state machine","customer-invoices-client","apps/web/app/finance/loading.tsx","PRESENT_SIGNAL_NOT_VERIFIED","apps/web/app/finance/error.tsx","NOT_VERIFIED","PRESENT_SIGNAL_NOT_VERIFIED","PRESENT_SIGNAL_NOT_VERIFIED","MISSING_OR_NA","MISSING_OR_NA","PRESENT_SIGNAL_NOT_VERIFIED","NONE","SEMANTIC_SIGNAL_NOT_VERIFIED","LINK_SIGNAL_NOT_VERIFIED","N/A_OR_REVIEW","STANDARD","IMPLEMENTED_PAGE_SURFACE","NOT_VERIFIED_TO_PAGE_DOD","B_EXISTS_UX_WEAK","REFACTOR_INCREMENTALLY","7_MAJOR_OFFICE_WORKFLOWS","51"
"/finance/dashboard","apps/web/app/finance/dashboard/page.tsx","finance","Finance","Dashboard","Dashboard status, attention and navigation","Finance; commercial; approvers; executives","API guard-derived permissions; page-level visibility NOT VERIFIED","tenant + organization","home-or-command-center","/api/... | /api/finance/cost-centers/report | /api/finance/customer-invoices/aging | /api/finance/invoices/aging | /api/finance/statements/income-statement?from=${year}-01-01&to=${year}-12-31 | /api/v1/ | /api/v1/...","Detected in UI source; verify against domain state machine","finance-dashboard","apps/web/app/finance/loading.tsx","PRESENT_SIGNAL_NOT_VERIFIED","apps/web/app/finance/error.tsx","NOT_VERIFIED","MISSING_OR_NA","MISSING_OR_NA","MISSING_OR_NA","MISSING_OR_NA","MISSING_OR_NA","FLUID_ONLY","NOT_VERIFIED","MISSING_OR_NA","N/A_OR_REVIEW","STANDARD","IMPLEMENTED_PAGE_SURFACE","NOT_VERIFIED_TO_PAGE_DOD","B_EXISTS_UX_WEAK","REBUILD_AS_SUITE_OR_FUNCTION_HOME","7_MAJOR_OFFICE_WORKFLOWS","30"
"/finance/fx","apps/web/app/finance/fx/page.tsx","finance","Finance","Fx","Fx operational work surface","Finance; commercial; approvers; executives","API guard-derived permissions; page-level visibility NOT VERIFIED","tenant + organization","register-or-workspace","/api/... | /api/finance/fx/convert?amount=${encodeURIComponent | /api/finance/fx/rates | /api/v1/ | /api/v1/...","Detected in UI source; verify against domain state machine","fx-client","apps/web/app/finance/loading.tsx","PRESENT_SIGNAL_NOT_VERIFIED","apps/web/app/finance/error.tsx","NOT_VERIFIED","MISSING_OR_NA","MISSING_OR_NA","MISSING_OR_NA","MISSING_OR_NA","MISSING_OR_NA","NONE","SEMANTIC_SIGNAL_NOT_VERIFIED","MISSING_OR_NA","N/A_OR_REVIEW","STANDARD","IMPLEMENTED_PAGE_SURFACE","NOT_VERIFIED_TO_PAGE_DOD","B_EXISTS_UX_WEAK","REFACTOR_INCREMENTALLY","7_MAJOR_OFFICE_WORKFLOWS","28"
"/finance/invoices/[id]","apps/web/app/finance/invoices/[id]/page.tsx","finance","Finance","Invoices","Finance record detail and governed actions","Finance; commercial; approvers; executives","API guard-derived permissions; page-level visibility NOT VERIFIED","tenant + organization","record-detail","/api/... | /api/finance/invoices/${id} | /api/v1/ | /api/v1/...","Detected in UI source; verify against domain state machine","record-detail","apps/web/app/finance/loading.tsx","PRESENT_SIGNAL_NOT_VERIFIED","apps/web/app/finance/error.tsx","NOT_VERIFIED","MISSING_OR_NA","PRESENT_SIGNAL_NOT_VERIFIED","MISSING_OR_NA","MISSING_OR_NA","MISSING_OR_NA","FLUID_ONLY","NOT_VERIFIED","LINK_SIGNAL_NOT_VERIFIED","STANDARD_SIGNAL_PRESENT","STANDARD","IMPLEMENTED_PAGE_SURFACE","NOT_VERIFIED_TO_PAGE_DOD","B_EXISTS_UX_WEAK","REFACTOR_TO_RECORD_360_STANDARD","7_MAJOR_OFFICE_WORKFLOWS","65"
"/finance/invoices","apps/web/app/finance/invoices/page.tsx","finance","Finance","Invoices","Invoices operational work surface","Finance; commercial; approvers; executives","API guard-derived permissions; page-level visibility NOT VERIFIED","tenant + organization","register-or-workspace","/api/... | /api/finance/accounts?type=asset | /api/finance/invoices | /api/finance/invoices/${id}/status | /api/finance/invoices/${invoice.id} | /api/finance/invoices/csv | /api/finance/payments | /api/inventory/grns | /api/procurement/purchase-orders | /api/v1/ | /api/v1/...","Detected in UI source; verify against domain state machine","invoice-create | invoices-list | ui/data-state","apps/web/app/finance/loading.tsx","PRESENT_SIGNAL_NOT_VERIFIED","apps/web/app/finance/error.tsx","PRESENT_SIGNAL_NOT_VERIFIED","MISSING_OR_NA","PRESENT_SIGNAL_NOT_VERIFIED","MISSING_OR_NA","PRESENT_SIGNAL_NOT_VERIFIED","MISSING_OR_NA","FLUID_ONLY","SEMANTIC_SIGNAL_NOT_VERIFIED","LINK_SIGNAL_NOT_VERIFIED","N/A_OR_REVIEW","STANDARD","IMPLEMENTED_PAGE_SURFACE","NOT_VERIFIED_TO_PAGE_DOD","B_EXISTS_UX_WEAK","REFACTOR_INCREMENTALLY","7_MAJOR_OFFICE_WORKFLOWS","108"
"/finance/ledger","apps/web/app/finance/ledger/page.tsx","finance","Finance","Ledger","Ledger operational work surface","Finance; commercial; approvers; executives","API guard-derived permissions; page-level visibility NOT VERIFIED","tenant + organization","register-or-workspace","/api/... | /api/finance/accounts | /api/finance/journals | /api/v1/ | /api/v1/...","Detected in UI source; verify against domain state machine","ledger-view","apps/web/app/finance/loading.tsx","PRESENT_SIGNAL_NOT_VERIFIED","apps/web/app/finance/error.tsx","NOT_VERIFIED","MISSING_OR_NA","MISSING_OR_NA","PRESENT_SIGNAL_NOT_VERIFIED","MISSING_OR_NA","MISSING_OR_NA","FLUID_ONLY","SEMANTIC_SIGNAL_NOT_VERIFIED","MISSING_OR_NA","N/A_OR_REVIEW","STANDARD","IMPLEMENTED_PAGE_SURFACE","NOT_VERIFIED_TO_PAGE_DOD","B_EXISTS_UX_WEAK","REFACTOR_INCREMENTALLY","7_MAJOR_OFFICE_WORKFLOWS","66"
"/finance/period-close","apps/web/app/finance/period-close/page.tsx","finance","Finance","Period Close","Period Close operational work surface","Finance; commercial; approvers; executives","API guard-derived permissions; page-level visibility NOT VERIFIED","tenant + organization","register-or-workspace","/api/... | /api/finance/periods | /api/finance/periods/close | /api/finance/periods/reopen | /api/v1/ | /api/v1/...","Detected in UI source; verify against domain state machine","period-close-client","apps/web/app/finance/loading.tsx","PRESENT_SIGNAL_NOT_VERIFIED","apps/web/app/finance/error.tsx","NOT_VERIFIED","MISSING_OR_NA","MISSING_OR_NA","MISSING_OR_NA","MISSING_OR_NA","MISSING_OR_NA","NONE","SEMANTIC_SIGNAL_NOT_VERIFIED","MISSING_OR_NA","N/A_OR_REVIEW","STANDARD","IMPLEMENTED_PAGE_SURFACE","NOT_VERIFIED_TO_PAGE_DOD","B_EXISTS_UX_WEAK","REFACTOR_INCREMENTALLY","7_MAJOR_OFFICE_WORKFLOWS","36"
"/finance/petty-cash","apps/web/app/finance/petty-cash/page.tsx","finance","Finance","Petty Cash","Petty Cash operational work surface","Finance; commercial; approvers; executives","API guard-derived permissions; page-level visibility NOT VERIFIED","tenant + organization","register-or-workspace","/api/... | /api/finance/petty-cash | /api/finance/petty-cash/${id} | /api/finance/petty-cash/${selected}/transactions | /api/v1/ | /api/v1/...","Detected in UI source; verify against domain state machine","petty-cash-client","apps/web/app/finance/loading.tsx","PRESENT_SIGNAL_NOT_VERIFIED","apps/web/app/finance/error.tsx","NOT_VERIFIED","MISSING_OR_NA","MISSING_OR_NA","PRESENT_SIGNAL_NOT_VERIFIED","MISSING_OR_NA","MISSING_OR_NA","NONE","SEMANTIC_SIGNAL_NOT_VERIFIED","MISSING_OR_NA","N/A_OR_REVIEW","STANDARD","IMPLEMENTED_PAGE_SURFACE","NOT_VERIFIED_TO_PAGE_DOD","B_EXISTS_UX_WEAK","REFACTOR_INCREMENTALLY","7_MAJOR_OFFICE_WORKFLOWS","38"
"/finance/post-dated-cheques","apps/web/app/finance/post-dated-cheques/page.tsx","finance","Finance","Post Dated Cheques","Post Dated Cheques operational work surface","Finance; commercial; approvers; executives","API guard-derived permissions; page-level visibility NOT VERIFIED","tenant + organization","register-or-workspace","/api/... | /api/finance/post-dated-cheques | /api/finance/post-dated-cheques/${id}/status | /api/v1/ | /api/v1/...","Detected in UI source; verify against domain state machine","post-dated-cheques-client","apps/web/app/finance/loading.tsx","PRESENT_SIGNAL_NOT_VERIFIED","apps/web/app/finance/error.tsx","NOT_VERIFIED","MISSING_OR_NA","PRESENT_SIGNAL_NOT_VERIFIED","PRESENT_SIGNAL_NOT_VERIFIED","MISSING_OR_NA","MISSING_OR_NA","NONE","SEMANTIC_SIGNAL_NOT_VERIFIED","MISSING_OR_NA","N/A_OR_REVIEW","STANDARD","IMPLEMENTED_PAGE_SURFACE","NOT_VERIFIED_TO_PAGE_DOD","B_EXISTS_UX_WEAK","REFACTOR_INCREMENTALLY","7_MAJOR_OFFICE_WORKFLOWS","47"
"/finance/revenue-recognition","apps/web/app/finance/revenue-recognition/page.tsx","finance","Finance","Revenue Recognition","Revenue Recognition operational work surface","Finance; commercial; approvers; executives","API guard-derived permissions; page-level visibility NOT VERIFIED","tenant + organization","register-or-workspace","/api/... | /api/finance/revenue-recognition | /api/v1/ | /api/v1/...","Detected in UI source; verify against domain state machine","","apps/web/app/finance/loading.tsx","PRESENT_SIGNAL_NOT_VERIFIED","apps/web/app/finance/error.tsx","NOT_VERIFIED","MISSING_OR_NA","MISSING_OR_NA","MISSING_OR_NA","MISSING_OR_NA","MISSING_OR_NA","NONE","SEMANTIC_SIGNAL_NOT_VERIFIED","MISSING_OR_NA","N/A_OR_REVIEW","STANDARD","IMPLEMENTED_PAGE_SURFACE","NOT_VERIFIED_TO_PAGE_DOD","B_EXISTS_UX_WEAK","REFACTOR_INCREMENTALLY","7_MAJOR_OFFICE_WORKFLOWS","103"
"/finance/statements","apps/web/app/finance/statements/page.tsx","finance","Finance","Statements","Statements operational work surface","Finance; commercial; approvers; executives","API guard-derived permissions; page-level visibility NOT VERIFIED","tenant + organization","register-or-workspace","/api/... | /api/finance/statements/balance-sheet | /api/finance/statements/cash-flow | /api/finance/statements/income-statement | /api/finance/statements/trial-balance | /api/v1/ | /api/v1/...","Detected in UI source; verify against domain state machine","","apps/web/app/finance/loading.tsx","PRESENT_SIGNAL_NOT_VERIFIED","apps/web/app/finance/error.tsx","NOT_VERIFIED","MISSING_OR_NA","MISSING_OR_NA","MISSING_OR_NA","MISSING_OR_NA","MISSING_OR_NA","NONE","SEMANTIC_SIGNAL_NOT_VERIFIED","LINK_SIGNAL_NOT_VERIFIED","N/A_OR_REVIEW","STANDARD","IMPLEMENTED_PAGE_SURFACE","NOT_VERIFIED_TO_PAGE_DOD","B_EXISTS_UX_WEAK","REFACTOR_INCREMENTALLY","7_MAJOR_OFFICE_WORKFLOWS","196"
"/finance/statements/print","apps/web/app/finance/statements/print/page.tsx","finance","Finance","Print","Finance print output","Finance; commercial; approvers; executives","API guard-derived permissions; page-level visibility NOT VERIFIED","tenant + organization","print","/api/... | /api/finance/statements/balance-sheet?asOf=${asOf} | /api/finance/statements/income-statement?from=${from}&to=${to} | /api/v1/ | /api/v1/...","Detected in UI source; verify against domain state machine","document-sheet","apps/web/app/finance/loading.tsx","PRESENT_SIGNAL_NOT_VERIFIED","apps/web/app/finance/error.tsx","NOT_VERIFIED","PRESENT_SIGNAL_NOT_VERIFIED","PRESENT_SIGNAL_NOT_VERIFIED","MISSING_OR_NA","MISSING_OR_NA","MISSING_OR_NA","BREAKPOINT","SEMANTIC_SIGNAL_NOT_VERIFIED","MISSING_OR_NA","N/A_OR_REVIEW","STANDARD","IMPLEMENTED_PAGE_SURFACE","NOT_VERIFIED_TO_PAGE_DOD","A_RETAIN","KEEP_AND_STANDARDIZE_PRINT","7_MAJOR_OFFICE_WORKFLOWS","50"
"/finance/tax","apps/web/app/finance/tax/page.tsx","finance","Finance","Tax","Tax operational work surface","Finance; commercial; approvers; executives","API guard-derived permissions; page-level visibility NOT VERIFIED","tenant + organization","register-or-workspace","/api/... | /api/finance/tax-codes | /api/finance/tax-summary | /api/v1/ | /api/v1/...","Detected in UI source; verify against domain state machine","tax-dashboard","apps/web/app/finance/loading.tsx","PRESENT_SIGNAL_NOT_VERIFIED","apps/web/app/finance/error.tsx","NOT_VERIFIED","MISSING_OR_NA","MISSING_OR_NA","MISSING_OR_NA","MISSING_OR_NA","MISSING_OR_NA","FLUID_ONLY","SEMANTIC_SIGNAL_NOT_VERIFIED","MISSING_OR_NA","N/A_OR_REVIEW","STANDARD","IMPLEMENTED_PAGE_SURFACE","NOT_VERIFIED_TO_PAGE_DOD","B_EXISTS_UX_WEAK","REFACTOR_INCREMENTALLY","7_MAJOR_OFFICE_WORKFLOWS","51"
"/finance/vat-returns","apps/web/app/finance/vat-returns/page.tsx","finance","Finance","Vat Returns","Vat Returns operational work surface","Finance; commercial; approvers; executives","API guard-derived permissions; page-level visibility NOT VERIFIED","tenant + organization","register-or-workspace","/api/... | /api/finance/vat-returns | /api/finance/vat-returns/${id}/status | /api/finance/vat-returns/preview?from=${from}&to=${to} | /api/v1/ | /api/v1/...","Detected in UI source; verify against domain state machine","vat-returns-client","apps/web/app/finance/loading.tsx","PRESENT_SIGNAL_NOT_VERIFIED","apps/web/app/finance/error.tsx","NOT_VERIFIED","MISSING_OR_NA","MISSING_OR_NA","MISSING_OR_NA","MISSING_OR_NA","MISSING_OR_NA","NONE","SEMANTIC_SIGNAL_NOT_VERIFIED","MISSING_OR_NA","N/A_OR_REVIEW","STANDARD","IMPLEMENTED_PAGE_SURFACE","NOT_VERIFIED_TO_PAGE_DOD","B_EXISTS_UX_WEAK","REFACTOR_INCREMENTALLY","7_MAJOR_OFFICE_WORKFLOWS","40"
"/fleet/control","apps/web/app/fleet/control/page.tsx","fleet","Assets & Service","Control","Control status, attention and navigation","AMC/service; technicians; asset custodians; fleet","API guard-derived permissions; page-level visibility NOT VERIFIED","tenant + organization","home-or-command-center","/api/... | /api/fleet/fuel | /api/fleet/maintenance | /api/fleet/maintenance/${id}/complete | /api/fleet/telemetry | /api/fleet/vehicles | /api/fleet/vehicles/${id} | /api/fleet/vehicles/check-expiry | /api/hr/employees | /api/v1/ | /api/v1/...","Detected in UI source; verify against domain state machine","fleet-control-client","apps/web/app/fleet/loading.tsx","PRESENT_SIGNAL_NOT_VERIFIED","apps/web/app/fleet/error.tsx","NOT_VERIFIED","MISSING_OR_NA","PRESENT_SIGNAL_NOT_VERIFIED","MISSING_OR_NA","MISSING_OR_NA","MISSING_OR_NA","FLUID_ONLY","SEMANTIC_SIGNAL_NOT_VERIFIED","MISSING_OR_NA","N/A_OR_REVIEW","HIGH_FOR_FIELD_ROUTES","IMPLEMENTED_PAGE_SURFACE","NOT_VERIFIED_TO_PAGE_DOD","B_EXISTS_UX_WEAK","REBUILD_AS_SUITE_OR_FUNCTION_HOME","8_REMAINING_SUITES","90"
"/fleet/fines","apps/web/app/fleet/fines/page.tsx","fleet","Assets & Service","Fines","Fines operational work surface","AMC/service; technicians; asset custodians; fleet","API guard-derived permissions; page-level visibility NOT VERIFIED","tenant + organization","register-or-workspace","/api/... | /api/fleet/fines | /api/fleet/fines/${id}/${action} | /api/fleet/vehicles | /api/v1/ | /api/v1/...","Detected in UI source; verify against domain state machine","fines-client","apps/web/app/fleet/loading.tsx","PRESENT_SIGNAL_NOT_VERIFIED","apps/web/app/fleet/error.tsx","NOT_VERIFIED","MISSING_OR_NA","PRESENT_SIGNAL_NOT_VERIFIED","MISSING_OR_NA","MISSING_OR_NA","MISSING_OR_NA","NONE","SEMANTIC_SIGNAL_NOT_VERIFIED","MISSING_OR_NA","N/A_OR_REVIEW","HIGH_FOR_FIELD_ROUTES","IMPLEMENTED_PAGE_SURFACE","NOT_VERIFIED_TO_PAGE_DOD","B_EXISTS_UX_WEAK","REFACTOR_INCREMENTALLY","8_REMAINING_SUITES","59"
"/fleet/salik","apps/web/app/fleet/salik/page.tsx","fleet","Assets & Service","Salik","Salik operational work surface","AMC/service; technicians; asset custodians; fleet","API guard-derived permissions; page-level visibility NOT VERIFIED","tenant + organization","register-or-workspace","/api/... | /api/fleet/salik | /api/fleet/salik/${id}/${action} | /api/fleet/vehicles | /api/v1/ | /api/v1/...","Detected in UI source; verify against domain state machine","salik-client","apps/web/app/fleet/loading.tsx","PRESENT_SIGNAL_NOT_VERIFIED","apps/web/app/fleet/error.tsx","NOT_VERIFIED","MISSING_OR_NA","PRESENT_SIGNAL_NOT_VERIFIED","MISSING_OR_NA","MISSING_OR_NA","MISSING_OR_NA","NONE","SEMANTIC_SIGNAL_NOT_VERIFIED","MISSING_OR_NA","N/A_OR_REVIEW","HIGH_FOR_FIELD_ROUTES","IMPLEMENTED_PAGE_SURFACE","NOT_VERIFIED_TO_PAGE_DOD","B_EXISTS_UX_WEAK","REFACTOR_INCREMENTALLY","8_REMAINING_SUITES","57"
"/handover/[id]/print","apps/web/app/handover/[id]/print/page.tsx","handover","Project Delivery","Print","Handover print output","Project managers; engineers; site; QA/QC; HSE; commissioning; document control","API guard-derived permissions; page-level visibility NOT VERIFIED","tenant + organization; project filter varies by page","print","/api/... | /api/commissioning/handovers/${id} | /api/v1/ | /api/v1/...","Detected in UI source; verify against domain state machine","document-sheet","apps/web/app/handover/loading.tsx","PRESENT_SIGNAL_NOT_VERIFIED","apps/web/app/handover/error.tsx","NOT_VERIFIED","MISSING_OR_NA","MISSING_OR_NA","MISSING_OR_NA","MISSING_OR_NA","MISSING_OR_NA","BREAKPOINT","SEMANTIC_SIGNAL_NOT_VERIFIED","MISSING_OR_NA","N/A_OR_REVIEW","HIGH_FOR_FIELD_ROUTES","IMPLEMENTED_PAGE_SURFACE","NOT_VERIFIED_TO_PAGE_DOD","A_RETAIN","KEEP_AND_STANDARDIZE_PRINT","6_PROJECT_DELIVERY","70"
"/handover","apps/web/app/handover/page.tsx","handover","Project Delivery","Handover","Handover operational work surface","Project managers; engineers; site; QA/QC; HSE; commissioning; document control","API guard-derived permissions; page-level visibility NOT VERIFIED","tenant + organization; project filter varies by page","register-or-workspace","/api/... | /api/commissioning/handovers | /api/commissioning/handovers/${p.id}/accept | /api/commissioning/handovers/${p.id}/checklist | /api/commissioning/handovers/${p.id}/reject | /api/commissioning/handovers/${p.id}/submit | /api/projects/projects | /api/v1/ | /api/v1/...","Detected in UI source; verify against domain state machine","handover-client","apps/web/app/handover/loading.tsx","PRESENT_SIGNAL_NOT_VERIFIED","apps/web/app/handover/error.tsx","NOT_VERIFIED","MISSING_OR_NA","PRESENT_SIGNAL_NOT_VERIFIED","MISSING_OR_NA","MISSING_OR_NA","PRESENT_SIGNAL_NOT_VERIFIED","FLUID_ONLY","SEMANTIC_SIGNAL_NOT_VERIFIED","LINK_SIGNAL_NOT_VERIFIED","N/A_OR_REVIEW","HIGH_FOR_FIELD_ROUTES","IMPLEMENTED_PAGE_SURFACE","NOT_VERIFIED_TO_PAGE_DOD","B_EXISTS_UX_WEAK","REFACTOR_INCREMENTALLY","6_PROJECT_DELIVERY","55"
"/hr/appraisals","apps/web/app/hr/appraisals/page.tsx","hr","People & Organization","Appraisals","Appraisals operational work surface","HR; managers; employees; payroll","API guard-derived permissions; page-level visibility NOT VERIFIED","tenant + organization","register-or-workspace","/api/... | /api/hr/appraisals | /api/hr/appraisals/${id}/${action} | /api/v1/ | /api/v1/...","Detected in UI source; verify against domain state machine","appraisal-client","apps/web/app/hr/loading.tsx","PRESENT_SIGNAL_NOT_VERIFIED","apps/web/app/hr/error.tsx","NOT_VERIFIED","MISSING_OR_NA","PRESENT_SIGNAL_NOT_VERIFIED","MISSING_OR_NA","MISSING_OR_NA","MISSING_OR_NA","NONE","SEMANTIC_SIGNAL_NOT_VERIFIED","MISSING_OR_NA","N/A_OR_REVIEW","STANDARD","IMPLEMENTED_PAGE_SURFACE","NOT_VERIFIED_TO_PAGE_DOD","B_EXISTS_UX_WEAK","REFACTOR_INCREMENTALLY","8_REMAINING_SUITES","31"
"/hr/attendance","apps/web/app/hr/attendance/page.tsx","hr","People & Organization","Attendance","Attendance operational work surface","HR; managers; employees; payroll","API guard-derived permissions; page-level visibility NOT VERIFIED","tenant + organization","register-or-workspace","/api/... | /api/hr/attendance | /api/hr/attendance/${id}/checkout | /api/v1/ | /api/v1/...","Detected in UI source; verify against domain state machine","attendance-client","apps/web/app/hr/loading.tsx","PRESENT_SIGNAL_NOT_VERIFIED","apps/web/app/hr/error.tsx","NOT_VERIFIED","MISSING_OR_NA","PRESENT_SIGNAL_NOT_VERIFIED","MISSING_OR_NA","MISSING_OR_NA","MISSING_OR_NA","NONE","SEMANTIC_SIGNAL_NOT_VERIFIED","MISSING_OR_NA","N/A_OR_REVIEW","STANDARD","IMPLEMENTED_PAGE_SURFACE","NOT_VERIFIED_TO_PAGE_DOD","B_EXISTS_UX_WEAK","REFACTOR_INCREMENTALLY","8_REMAINING_SUITES","47"
"/hr/control","apps/web/app/hr/control/page.tsx","hr","People & Organization","Control","Control status, attention and navigation","HR; managers; employees; payroll","API guard-derived permissions; page-level visibility NOT VERIFIED","tenant + organization","home-or-command-center","/api/... | /api/hr/employees | /api/hr/employees/${id} | /api/hr/leaves | /api/hr/leaves/${id}/resolve | /api/hr/payroll | /api/hr/payroll/${id}/pay | /api/v1/ | /api/v1/...","Detected in UI source; verify against domain state machine","hr-control-client","apps/web/app/hr/loading.tsx","PRESENT_SIGNAL_NOT_VERIFIED","apps/web/app/hr/error.tsx","NOT_VERIFIED","MISSING_OR_NA","MISSING_OR_NA","MISSING_OR_NA","MISSING_OR_NA","MISSING_OR_NA","NONE","SEMANTIC_SIGNAL_NOT_VERIFIED","MISSING_OR_NA","N/A_OR_REVIEW","STANDARD","IMPLEMENTED_PAGE_SURFACE","NOT_VERIFIED_TO_PAGE_DOD","B_EXISTS_UX_WEAK","REBUILD_AS_SUITE_OR_FUNCTION_HOME","8_REMAINING_SUITES","85"
"/hr/dashboard","apps/web/app/hr/dashboard/page.tsx","hr","People & Organization","Dashboard","Dashboard status, attention and navigation","HR; managers; employees; payroll","API guard-derived permissions; page-level visibility NOT VERIFIED","tenant + organization","home-or-command-center","/api/... | /api/hr/employees | /api/v1/ | /api/v1/...","Detected in UI source; verify against domain state machine","simple-dashboard","apps/web/app/hr/loading.tsx","PRESENT_SIGNAL_NOT_VERIFIED","apps/web/app/hr/error.tsx","NOT_VERIFIED","MISSING_OR_NA","MISSING_OR_NA","MISSING_OR_NA","MISSING_OR_NA","MISSING_OR_NA","FLUID_ONLY","NOT_VERIFIED","MISSING_OR_NA","N/A_OR_REVIEW","STANDARD","IMPLEMENTED_PAGE_SURFACE","NOT_VERIFIED_TO_PAGE_DOD","B_EXISTS_UX_WEAK","REBUILD_AS_SUITE_OR_FUNCTION_HOME","8_REMAINING_SUITES","23"
"/hr/document-expiry","apps/web/app/hr/document-expiry/page.tsx","hr","People & Organization","Document Expiry","Document Expiry operational work surface","HR; managers; employees; payroll","API guard-derived permissions; page-level visibility NOT VERIFIED","tenant + organization","register-or-workspace","/api/... | /api/hr/document-expiry?withinDays=90 | /api/v1/ | /api/v1/...","Detected in UI source; verify against domain state machine","","apps/web/app/hr/loading.tsx","PRESENT_SIGNAL_NOT_VERIFIED","apps/web/app/hr/error.tsx","NOT_VERIFIED","MISSING_OR_NA","MISSING_OR_NA","MISSING_OR_NA","MISSING_OR_NA","MISSING_OR_NA","NONE","SEMANTIC_SIGNAL_NOT_VERIFIED","MISSING_OR_NA","N/A_OR_REVIEW","STANDARD","IMPLEMENTED_PAGE_SURFACE","NOT_VERIFIED_TO_PAGE_DOD","B_EXISTS_UX_WEAK","REFACTOR_INCREMENTALLY","8_REMAINING_SUITES","85"
"/hr/eosb","apps/web/app/hr/eosb/page.tsx","hr","People & Organization","Eosb","Eosb operational work surface","HR; managers; employees; payroll","API guard-derived permissions; page-level visibility NOT VERIFIED","tenant + organization","register-or-workspace","/api/... | /api/hr/employees | /api/hr/eosb | /api/v1/ | /api/v1/...","Detected in UI source; verify against domain state machine","eosb-client","apps/web/app/hr/loading.tsx","PRESENT_SIGNAL_NOT_VERIFIED","apps/web/app/hr/error.tsx","NOT_VERIFIED","MISSING_OR_NA","MISSING_OR_NA","MISSING_OR_NA","MISSING_OR_NA","MISSING_OR_NA","NONE","SEMANTIC_SIGNAL_NOT_VERIFIED","MISSING_OR_NA","N/A_OR_REVIEW","STANDARD","IMPLEMENTED_PAGE_SURFACE","NOT_VERIFIED_TO_PAGE_DOD","B_EXISTS_UX_WEAK","REFACTOR_INCREMENTALLY","8_REMAINING_SUITES","36"
"/hr/expense-claims","apps/web/app/hr/expense-claims/page.tsx","hr","People & Organization","Expense Claims","Expense Claims operational work surface","HR; managers; employees; payroll","API guard-derived permissions; page-level visibility NOT VERIFIED","tenant + organization","register-or-workspace","/api/... | /api/hr/employees | /api/hr/expense-claims | /api/hr/expense-claims/${id}/${action} | /api/v1/ | /api/v1/...","Detected in UI source; verify against domain state machine","expense-claims-client","apps/web/app/hr/loading.tsx","PRESENT_SIGNAL_NOT_VERIFIED","apps/web/app/hr/error.tsx","NOT_VERIFIED","MISSING_OR_NA","PRESENT_SIGNAL_NOT_VERIFIED","MISSING_OR_NA","MISSING_OR_NA","MISSING_OR_NA","NONE","SEMANTIC_SIGNAL_NOT_VERIFIED","MISSING_OR_NA","N/A_OR_REVIEW","STANDARD","IMPLEMENTED_PAGE_SURFACE","NOT_VERIFIED_TO_PAGE_DOD","B_EXISTS_UX_WEAK","REFACTOR_INCREMENTALLY","8_REMAINING_SUITES","58"
"/hr/payroll/[id]/print","apps/web/app/hr/payroll/[id]/print/page.tsx","hr","People & Organization","Print","Hr print output","HR; managers; employees; payroll","API guard-derived permissions; page-level visibility NOT VERIFIED","tenant + organization","print","/api/... | /api/hr/payroll/${id} | /api/v1/ | /api/v1/...","Detected in UI source; verify against domain state machine","document-sheet","apps/web/app/hr/loading.tsx","PRESENT_SIGNAL_NOT_VERIFIED","apps/web/app/hr/error.tsx","NOT_VERIFIED","MISSING_OR_NA","MISSING_OR_NA","MISSING_OR_NA","MISSING_OR_NA","MISSING_OR_NA","BREAKPOINT","SEMANTIC_SIGNAL_NOT_VERIFIED","MISSING_OR_NA","N/A_OR_REVIEW","STANDARD","IMPLEMENTED_PAGE_SURFACE","NOT_VERIFIED_TO_PAGE_DOD","A_RETAIN","KEEP_AND_STANDARDIZE_PRINT","8_REMAINING_SUITES","36"
"/hr/staff-advances","apps/web/app/hr/staff-advances/page.tsx","hr","People & Organization","Staff Advances","Staff Advances operational work surface","HR; managers; employees; payroll","API guard-derived permissions; page-level visibility NOT VERIFIED","tenant + organization","register-or-workspace","/api/... | /api/hr/employees | /api/hr/staff-advances | /api/hr/staff-advances/${id}/${action} | /api/v1/ | /api/v1/...","Detected in UI source; verify against domain state machine","staff-advances-client","apps/web/app/hr/loading.tsx","PRESENT_SIGNAL_NOT_VERIFIED","apps/web/app/hr/error.tsx","NOT_VERIFIED","MISSING_OR_NA","PRESENT_SIGNAL_NOT_VERIFIED","MISSING_OR_NA","MISSING_OR_NA","MISSING_OR_NA","NONE","SEMANTIC_SIGNAL_NOT_VERIFIED","MISSING_OR_NA","N/A_OR_REVIEW","STANDARD","IMPLEMENTED_PAGE_SURFACE","NOT_VERIFIED_TO_PAGE_DOD","B_EXISTS_UX_WEAK","REFACTOR_INCREMENTALLY","8_REMAINING_SUITES","49"
"/hr/timesheets","apps/web/app/hr/timesheets/page.tsx","hr","People & Organization","Timesheets","Timesheets operational work surface","HR; managers; employees; payroll","API guard-derived permissions; page-level visibility NOT VERIFIED","tenant + organization","register-or-workspace","/api/... | /api/hr/timesheets | /api/hr/timesheets/${id}/${act} | /api/v1/ | /api/v1/...","Detected in UI source; verify against domain state machine","timesheet-client","apps/web/app/hr/loading.tsx","PRESENT_SIGNAL_NOT_VERIFIED","apps/web/app/hr/error.tsx","NOT_VERIFIED","MISSING_OR_NA","MISSING_OR_NA","MISSING_OR_NA","MISSING_OR_NA","MISSING_OR_NA","NONE","SEMANTIC_SIGNAL_NOT_VERIFIED","MISSING_OR_NA","N/A_OR_REVIEW","STANDARD","IMPLEMENTED_PAGE_SURFACE","NOT_VERIFIED_TO_PAGE_DOD","B_EXISTS_UX_WEAK","REFACTOR_INCREMENTALLY","8_REMAINING_SUITES","47"
"/hse/control","apps/web/app/hse/control/page.tsx","hse","Project Delivery","Control","Control status, attention and navigation","Project managers; engineers; site; QA/QC; HSE; commissioning; document control","API guard-derived permissions; page-level visibility NOT VERIFIED","tenant + organization; project filter varies by page","home-or-command-center","/api/... | /api/hse/capas | /api/hse/capas/${id}/complete | /api/hse/incidents | /api/hse/incidents/${id}/close | /api/hse/incidents/${id}/investigate | /api/hse/ptws | /api/hse/ptws/${id}/approve | /api/hse/ptws/${id}/close | /api/hse/risk-assessments | /api/hse/training | /api/projects/projects | /api/v1/ | /api/v1/...","Detected in UI source; verify against domain state machine","hse-control-client","apps/web/app/hse/loading.tsx","PRESENT_SIGNAL_NOT_VERIFIED","apps/web/app/hse/error.tsx","NOT_VERIFIED","MISSING_OR_NA","PRESENT_SIGNAL_NOT_VERIFIED","MISSING_OR_NA","MISSING_OR_NA","MISSING_OR_NA","FLUID_ONLY","SEMANTIC_SIGNAL_NOT_VERIFIED","LINK_SIGNAL_NOT_VERIFIED","N/A_OR_REVIEW","HIGH_FOR_FIELD_ROUTES","IMPLEMENTED_PAGE_SURFACE","NOT_VERIFIED_TO_PAGE_DOD","B_EXISTS_UX_WEAK","REBUILD_AS_SUITE_OR_FUNCTION_HOME","6_PROJECT_DELIVERY","124"
"/hse/permits/[id]","apps/web/app/hse/permits/[id]/page.tsx","hse","Project Delivery","Permits","Hse record detail and governed actions","Project managers; engineers; site; QA/QC; HSE; commissioning; document control","API guard-derived permissions; page-level visibility NOT VERIFIED","tenant + organization; project filter varies by page","record-detail","/api/... | /api/hse/ptws/${id}/detail | /api/hse/ptws/${permitId}/${command} | /api/v1/ | /api/v1/...","Detected in UI source; verify against domain state machine","permit-workflow-actions","apps/web/app/hse/loading.tsx","PRESENT_SIGNAL_NOT_VERIFIED","apps/web/app/hse/error.tsx","NOT_VERIFIED","MISSING_OR_NA","PRESENT_SIGNAL_NOT_VERIFIED","MISSING_OR_NA","MISSING_OR_NA","MISSING_OR_NA","NONE","SEMANTIC_SIGNAL_NOT_VERIFIED","LINK_SIGNAL_NOT_VERIFIED","REQUIRED","HIGH_FOR_FIELD_ROUTES","IMPLEMENTED_PAGE_SURFACE","NOT_VERIFIED_TO_PAGE_DOD","B_EXISTS_UX_WEAK","REFACTOR_TO_RECORD_360_STANDARD","6_PROJECT_DELIVERY","259"
"/hse/permits","apps/web/app/hse/permits/page.tsx","hse","Project Delivery","Permits","Permits operational work surface","Project managers; engineers; site; QA/QC; HSE; commissioning; document control","API guard-derived permissions; page-level visibility NOT VERIFIED","tenant + organization; project filter varies by page","register-or-workspace","/api/... | /api/hse/ptws | /api/v1/ | /api/v1/...","Detected in UI source; verify against domain state machine","ui/data-state","apps/web/app/hse/loading.tsx","PRESENT_SIGNAL_NOT_VERIFIED","apps/web/app/hse/error.tsx","PRESENT_SIGNAL_NOT_VERIFIED","MISSING_OR_NA","PRESENT_SIGNAL_NOT_VERIFIED","PRESENT_SIGNAL_NOT_VERIFIED","PRESENT_SIGNAL_NOT_VERIFIED","MISSING_OR_NA","NONE","SEMANTIC_SIGNAL_NOT_VERIFIED","LINK_SIGNAL_NOT_VERIFIED","N/A_OR_REVIEW","HIGH_FOR_FIELD_ROUTES","IMPLEMENTED_PAGE_SURFACE","NOT_VERIFIED_TO_PAGE_DOD","B_EXISTS_UX_WEAK","REFACTOR_INCREMENTALLY","6_PROJECT_DELIVERY","174"
"/hse/risk-assessments","apps/web/app/hse/risk-assessments/page.tsx","hse","Project Delivery","Risk Assessments","Risk Assessments operational work surface","Project managers; engineers; site; QA/QC; HSE; commissioning; document control","API guard-derived permissions; page-level visibility NOT VERIFIED","tenant + organization; project filter varies by page","register-or-workspace","/api/... | /api/hse/risk-assessments | /api/hse/risk-assessments/${id}/approve | /api/v1/ | /api/v1/...","Detected in UI source; verify against domain state machine","risk-assessment-client","apps/web/app/hse/loading.tsx","PRESENT_SIGNAL_NOT_VERIFIED","apps/web/app/hse/error.tsx","NOT_VERIFIED","MISSING_OR_NA","PRESENT_SIGNAL_NOT_VERIFIED","MISSING_OR_NA","MISSING_OR_NA","PRESENT_SIGNAL_NOT_VERIFIED","NONE","SEMANTIC_SIGNAL_NOT_VERIFIED","MISSING_OR_NA","N/A_OR_REVIEW","HIGH_FOR_FIELD_ROUTES","IMPLEMENTED_PAGE_SURFACE","NOT_VERIFIED_TO_PAGE_DOD","B_EXISTS_UX_WEAK","REFACTOR_INCREMENTALLY","6_PROJECT_DELIVERY","31"
"/hse/toolbox-talks","apps/web/app/hse/toolbox-talks/page.tsx","hse","Project Delivery","Toolbox Talks","Toolbox Talks operational work surface","Project managers; engineers; site; QA/QC; HSE; commissioning; document control","API guard-derived permissions; page-level visibility NOT VERIFIED","tenant + organization; project filter varies by page","register-or-workspace","/api/... | /api/hse/toolbox-talks | /api/v1/ | /api/v1/...","Detected in UI source; verify against domain state machine","toolbox-talks-client","apps/web/app/hse/loading.tsx","PRESENT_SIGNAL_NOT_VERIFIED","apps/web/app/hse/error.tsx","NOT_VERIFIED","MISSING_OR_NA","PRESENT_SIGNAL_NOT_VERIFIED","MISSING_OR_NA","MISSING_OR_NA","MISSING_OR_NA","NONE","SEMANTIC_SIGNAL_NOT_VERIFIED","MISSING_OR_NA","N/A_OR_REVIEW","HIGH_FOR_FIELD_ROUTES","IMPLEMENTED_PAGE_SURFACE","NOT_VERIFIED_TO_PAGE_DOD","B_EXISTS_UX_WEAK","REFACTOR_INCREMENTALLY","6_PROJECT_DELIVERY","42"
"/inbox","apps/web/app/inbox/page.tsx","inbox","Workplace & Collaboration","Inbox","Inbox operational work surface","All authorized users; managers; document controllers","API guard-derived permissions; page-level visibility NOT VERIFIED","tenant + organization","register-or-workspace","","None detected / NOT VERIFIED","","apps/web/app/inbox/loading.tsx","MISSING","apps/web/app/inbox/error.tsx","NOT_VERIFIED","MISSING_OR_NA","MISSING_OR_NA","MISSING_OR_NA","MISSING_OR_NA","MISSING_OR_NA","NONE","NOT_VERIFIED","MISSING_OR_NA","N/A_OR_REVIEW","STANDARD","IMPLEMENTED_PAGE_SURFACE","NOT_VERIFIED_TO_PAGE_DOD","B_EXISTS_UX_WEAK","REFACTOR_INCREMENTALLY","8_REMAINING_SUITES","7"
"/intelligence","apps/web/app/intelligence/page.tsx","intelligence","Intelligence & Reporting","Intelligence","Intelligence operational work surface","Executives; managers; governed AI operators","API guard-derived permissions; page-level visibility NOT VERIFIED","tenant + organization","register-or-workspace","/api/... | /api/intelligence/insights | /api/intelligence/pipeline | /api/intelligence/projects | /api/v1/ | /api/v1/...","Detected in UI source; verify against domain state machine","insight-panel","apps/web/app/intelligence/loading.tsx","PRESENT_SIGNAL_NOT_VERIFIED","apps/web/app/intelligence/error.tsx","NOT_VERIFIED","MISSING_OR_NA","MISSING_OR_NA","MISSING_OR_NA","MISSING_OR_NA","MISSING_OR_NA","NONE","SEMANTIC_SIGNAL_NOT_VERIFIED","MISSING_OR_NA","N/A_OR_REVIEW","STANDARD","IMPLEMENTED_PAGE_SURFACE","NOT_VERIFIED_TO_PAGE_DOD","B_EXISTS_UX_WEAK","REFACTOR_INCREMENTALLY","8_REMAINING_SUITES","184"
"/inventory/dashboard","apps/web/app/inventory/dashboard/page.tsx","inventory","Supply Chain","Dashboard","Dashboard status, attention and navigation","Procurement; store/warehouse; project managers; finance","API guard-derived permissions; page-level visibility NOT VERIFIED","tenant + organization","home-or-command-center","/api/... | /api/inventory/stock | /api/v1/ | /api/v1/...","Detected in UI source; verify against domain state machine","simple-dashboard","apps/web/app/inventory/loading.tsx","PRESENT_SIGNAL_NOT_VERIFIED","apps/web/app/inventory/error.tsx","NOT_VERIFIED","MISSING_OR_NA","MISSING_OR_NA","MISSING_OR_NA","MISSING_OR_NA","MISSING_OR_NA","FLUID_ONLY","NOT_VERIFIED","MISSING_OR_NA","N/A_OR_REVIEW","HIGH_FOR_FIELD_ROUTES","IMPLEMENTED_PAGE_SURFACE","NOT_VERIFIED_TO_PAGE_DOD","B_EXISTS_UX_WEAK","REBUILD_AS_SUITE_OR_FUNCTION_HOME","7_MAJOR_OFFICE_WORKFLOWS","23"
"/inventory/grns/[id]/print","apps/web/app/inventory/grns/[id]/print/page.tsx","inventory","Supply Chain","Print","Inventory print output","Procurement; store/warehouse; project managers; finance","API guard-derived permissions; page-level visibility NOT VERIFIED","tenant + organization","print","/api/... | /api/inventory/${id} | /api/v1/ | /api/v1/...","Detected in UI source; verify against domain state machine","document-sheet","apps/web/app/inventory/loading.tsx","PRESENT_SIGNAL_NOT_VERIFIED","apps/web/app/inventory/error.tsx","NOT_VERIFIED","MISSING_OR_NA","PRESENT_SIGNAL_NOT_VERIFIED","MISSING_OR_NA","MISSING_OR_NA","MISSING_OR_NA","BREAKPOINT","SEMANTIC_SIGNAL_NOT_VERIFIED","MISSING_OR_NA","N/A_OR_REVIEW","HIGH_FOR_FIELD_ROUTES","IMPLEMENTED_PAGE_SURFACE","NOT_VERIFIED_TO_PAGE_DOD","A_RETAIN","KEEP_AND_STANDARDIZE_PRINT","7_MAJOR_OFFICE_WORKFLOWS","40"
"/inventory/grns","apps/web/app/inventory/grns/page.tsx","inventory","Supply Chain","Grns","Grns operational work surface","Procurement; store/warehouse; project managers; finance","API guard-derived permissions; page-level visibility NOT VERIFIED","tenant + organization","register-or-workspace","/api/... | /api/inventory/grns | /api/procurement/purchase-orders?status=issued | /api/v1/ | /api/v1/...","Detected in UI source; verify against domain state machine","grn-create","apps/web/app/inventory/loading.tsx","PRESENT_SIGNAL_NOT_VERIFIED","apps/web/app/inventory/error.tsx","NOT_VERIFIED","MISSING_OR_NA","MISSING_OR_NA","MISSING_OR_NA","MISSING_OR_NA","MISSING_OR_NA","NONE","SEMANTIC_SIGNAL_NOT_VERIFIED","MISSING_OR_NA","N/A_OR_REVIEW","HIGH_FOR_FIELD_ROUTES","IMPLEMENTED_PAGE_SURFACE","NOT_VERIFIED_TO_PAGE_DOD","B_EXISTS_UX_WEAK","REFACTOR_INCREMENTALLY","7_MAJOR_OFFICE_WORKFLOWS","137"
"/inventory/locations","apps/web/app/inventory/locations/page.tsx","inventory","Supply Chain","Locations","Locations operational work surface","Procurement; store/warehouse; project managers; finance","API guard-derived permissions; page-level visibility NOT VERIFIED","tenant + organization","register-or-workspace","/api/... | /api/inventory/locations | /api/inventory/locations/${l.id}/active | /api/v1/ | /api/v1/...","Detected in UI source; verify against domain state machine","locations-client","apps/web/app/inventory/locations/loading.tsx","PRESENT_SIGNAL_NOT_VERIFIED","apps/web/app/inventory/locations/error.tsx","NOT_VERIFIED","MISSING_OR_NA","MISSING_OR_NA","PRESENT_SIGNAL_NOT_VERIFIED","MISSING_OR_NA","MISSING_OR_NA","FLUID_ONLY","SEMANTIC_SIGNAL_NOT_VERIFIED","MISSING_OR_NA","N/A_OR_REVIEW","HIGH_FOR_FIELD_ROUTES","IMPLEMENTED_PAGE_SURFACE","NOT_VERIFIED_TO_PAGE_DOD","B_EXISTS_UX_WEAK","REFACTOR_INCREMENTALLY","7_MAJOR_OFFICE_WORKFLOWS","32"
"/inventory/serials","apps/web/app/inventory/serials/page.tsx","inventory","Supply Chain","Serials","Serials operational work surface","Procurement; store/warehouse; project managers; finance","API guard-derived permissions; page-level visibility NOT VERIFIED","tenant + organization","register-or-workspace","/api/... | /api/inventory/serials | /api/inventory/serials/${u.id}/fault | /api/inventory/serials/${u.id}/install | /api/inventory/serials/${u.id}/issue | /api/inventory/serials/${u.id}/return | /api/projects/projects | /api/v1/ | /api/v1/...","Detected in UI source; verify against domain state machine","serials-client","apps/web/app/inventory/serials/loading.tsx","PRESENT_SIGNAL_NOT_VERIFIED","apps/web/app/inventory/serials/error.tsx","NOT_VERIFIED","MISSING_OR_NA","PRESENT_SIGNAL_NOT_VERIFIED","MISSING_OR_NA","MISSING_OR_NA","MISSING_OR_NA","FLUID_ONLY","SEMANTIC_SIGNAL_NOT_VERIFIED","MISSING_OR_NA","N/A_OR_REVIEW","HIGH_FOR_FIELD_ROUTES","IMPLEMENTED_PAGE_SURFACE","NOT_VERIFIED_TO_PAGE_DOD","B_EXISTS_UX_WEAK","REFACTOR_INCREMENTALLY","7_MAJOR_OFFICE_WORKFLOWS","39"
"/inventory/stock","apps/web/app/inventory/stock/page.tsx","inventory","Supply Chain","Stock","Stock operational work surface","Procurement; store/warehouse; project managers; finance","API guard-derived permissions; page-level visibility NOT VERIFIED","tenant + organization","register-or-workspace","/api/... | /api/inventory/stock | /api/inventory/stock/${id} | /api/inventory/stock/${id}/movements | /api/inventory/stock/${id}/reorder | /api/v1/ | /api/v1/...","Detected in UI source; verify against domain state machine","stock-client","apps/web/app/inventory/loading.tsx","PRESENT_SIGNAL_NOT_VERIFIED","apps/web/app/inventory/error.tsx","NOT_VERIFIED","MISSING_OR_NA","PRESENT_SIGNAL_NOT_VERIFIED","MISSING_OR_NA","MISSING_OR_NA","MISSING_OR_NA","NONE","SEMANTIC_SIGNAL_NOT_VERIFIED","MISSING_OR_NA","N/A_OR_REVIEW","HIGH_FOR_FIELD_ROUTES","IMPLEMENTED_PAGE_SURFACE","NOT_VERIFIED_TO_PAGE_DOD","B_EXISTS_UX_WEAK","REFACTOR_INCREMENTALLY","7_MAJOR_OFFICE_WORKFLOWS","42"
"/inventory/transfers","apps/web/app/inventory/transfers/page.tsx","inventory","Supply Chain","Transfers","Transfers operational work surface","Procurement; store/warehouse; project managers; finance","API guard-derived permissions; page-level visibility NOT VERIFIED","tenant + organization","register-or-workspace","/api/... | /api/inventory/stock | /api/inventory/transfers | /api/v1/ | /api/v1/...","Detected in UI source; verify against domain state machine","transfer-client","apps/web/app/inventory/loading.tsx","PRESENT_SIGNAL_NOT_VERIFIED","apps/web/app/inventory/error.tsx","NOT_VERIFIED","MISSING_OR_NA","MISSING_OR_NA","MISSING_OR_NA","MISSING_OR_NA","MISSING_OR_NA","NONE","SEMANTIC_SIGNAL_NOT_VERIFIED","MISSING_OR_NA","N/A_OR_REVIEW","HIGH_FOR_FIELD_ROUTES","IMPLEMENTED_PAGE_SURFACE","NOT_VERIFIED_TO_PAGE_DOD","B_EXISTS_UX_WEAK","REFACTOR_INCREMENTALLY","7_MAJOR_OFFICE_WORKFLOWS","57"
"/inventory/valuation","apps/web/app/inventory/valuation/page.tsx","inventory","Supply Chain","Valuation","Valuation operational work surface","Procurement; store/warehouse; project managers; finance","API guard-derived permissions; page-level visibility NOT VERIFIED","tenant + organization","register-or-workspace","/api/... | /api/inventory/stock/valuation | /api/v1/ | /api/v1/...","Detected in UI source; verify against domain state machine","","apps/web/app/inventory/loading.tsx","PRESENT_SIGNAL_NOT_VERIFIED","apps/web/app/inventory/error.tsx","NOT_VERIFIED","MISSING_OR_NA","MISSING_OR_NA","MISSING_OR_NA","MISSING_OR_NA","MISSING_OR_NA","NONE","SEMANTIC_SIGNAL_NOT_VERIFIED","MISSING_OR_NA","N/A_OR_REVIEW","HIGH_FOR_FIELD_ROUTES","IMPLEMENTED_PAGE_SURFACE","NOT_VERIFIED_TO_PAGE_DOD","B_EXISTS_UX_WEAK","REFACTOR_INCREMENTALLY","7_MAJOR_OFFICE_WORKFLOWS","68"
"/login","apps/web/app/login/page.tsx","login","System","Login","Login operational work surface","Unauthenticated and authenticated users","Public authentication surface","none","authentication","/api/auth/login","Detected in UI source; verify against domain state machine","","apps/web/app/loading.tsx","PRESENT_SIGNAL_NOT_VERIFIED","apps/web/app/error.tsx","NOT_VERIFIED","MISSING_OR_NA","MISSING_OR_NA","MISSING_OR_NA","MISSING_OR_NA","MISSING_OR_NA","NONE","SEMANTIC_SIGNAL_NOT_VERIFIED","MISSING_OR_NA","N/A_OR_REVIEW","STANDARD","IMPLEMENTED_PAGE_SURFACE","NOT_VERIFIED_TO_PAGE_DOD","B_EXISTS_UX_WEAK","KEEP_AND_REFINE","9_FULL_ROUTE_SWEEP","186"
"/notifications","apps/web/app/notifications/page.tsx","notifications","Workplace & Collaboration","Notifications","Notifications operational work surface","All authorized users; managers; document controllers","API guard-derived permissions; page-level visibility NOT VERIFIED","tenant + organization","register-or-workspace","","None detected / NOT VERIFIED","","apps/web/app/notifications/loading.tsx","MISSING","apps/web/app/notifications/error.tsx","NOT_VERIFIED","MISSING_OR_NA","MISSING_OR_NA","MISSING_OR_NA","MISSING_OR_NA","MISSING_OR_NA","NONE","NOT_VERIFIED","MISSING_OR_NA","N/A_OR_REVIEW","STANDARD","IMPLEMENTED_PAGE_SURFACE","NOT_VERIFIED_TO_PAGE_DOD","B_EXISTS_UX_WEAK","REFACTOR_INCREMENTALLY","3_GLOBAL_SHELL_AND_HOME","7"
"/operations/overview","apps/web/app/operations/overview/page.tsx","operations","Project Delivery","Overview","Cross-project delivery operations and supply-risk command center","Project managers; engineers; site; QA/QC; HSE; commissioning; document control","API guard-derived permissions; page-level visibility NOT VERIFIED","tenant + organization","home-or-command-center","/api/... | /api/inventory/stock | /api/procurement/purchase-orders | /api/procurement/purchase-requests | /api/projects/projects/portfolio | /api/v1/ | /api/v1/...","Detected in UI source; verify against domain state machine","ui/data-state","apps/web/app/operations/loading.tsx","PRESENT_SIGNAL_NOT_VERIFIED","apps/web/app/operations/error.tsx","PRESENT_SIGNAL_NOT_VERIFIED","MISSING_OR_NA","PRESENT_SIGNAL_NOT_VERIFIED","PRESENT_SIGNAL_NOT_VERIFIED","PRESENT_SIGNAL_NOT_VERIFIED","MISSING_OR_NA","BREAKPOINT","SEMANTIC_SIGNAL_NOT_VERIFIED","LINK_SIGNAL_NOT_VERIFIED","N/A_OR_REVIEW","HIGH_FOR_FIELD_ROUTES","IMPLEMENTED_PAGE_SURFACE","NOT_VERIFIED_TO_PAGE_DOD","B_EXISTS_UX_WEAK","RETAIN_REFERENCE_SLICE_REVIEW_PLACEMENT","2_REFERENCE_PRIMITIVES","245"
"/","apps/web/app/page.tsx","root","AURA Home","Home","Personal work and attention entry point","All authorized users","API guard-derived permissions; page-level visibility NOT VERIFIED","tenant + organization","home-or-command-center","/api/... | /api/documents | /api/events | /api/finance/accounts?type=asset | /api/finance/invoices | /api/inbox | /api/intelligence/pipeline | /api/intelligence/projects | /api/projects/projects | /api/v1/ | /api/v1/... | /api/workspace/config | /api/workspace/me","Detected in UI source; verify against domain state machine","role-dashboard-shell","apps/web/app/loading.tsx","PRESENT_SIGNAL_NOT_VERIFIED","apps/web/app/error.tsx","NOT_VERIFIED","MISSING_OR_NA","PRESENT_SIGNAL_NOT_VERIFIED","MISSING_OR_NA","MISSING_OR_NA","MISSING_OR_NA","NONE","SEMANTIC_SIGNAL_NOT_VERIFIED","LINK_SIGNAL_NOT_VERIFIED","N/A_OR_REVIEW","STANDARD","IMPLEMENTED_PAGE_SURFACE","NOT_VERIFIED_TO_PAGE_DOD","B_EXISTS_UX_WEAK","REBUILD_AS_AURA_HOME","3_GLOBAL_SHELL_AND_HOME","144"
"/procurement/dashboard","apps/web/app/procurement/dashboard/page.tsx","procurement","Supply Chain","Dashboard","Dashboard status, attention and navigation","Procurement; store/warehouse; project managers; finance","API guard-derived permissions; page-level visibility NOT VERIFIED","tenant + organization","home-or-command-center","/api/... | /api/procurement/purchase-orders | /api/v1/ | /api/v1/...","Detected in UI source; verify against domain state machine","simple-dashboard","apps/web/app/procurement/loading.tsx","PRESENT_SIGNAL_NOT_VERIFIED","apps/web/app/procurement/error.tsx","NOT_VERIFIED","MISSING_OR_NA","MISSING_OR_NA","PRESENT_SIGNAL_NOT_VERIFIED","MISSING_OR_NA","MISSING_OR_NA","FLUID_ONLY","SEMANTIC_SIGNAL_NOT_VERIFIED","MISSING_OR_NA","N/A_OR_REVIEW","HIGH_FOR_FIELD_ROUTES","IMPLEMENTED_PAGE_SURFACE","NOT_VERIFIED_TO_PAGE_DOD","B_EXISTS_UX_WEAK","REBUILD_AS_SUITE_OR_FUNCTION_HOME","7_MAJOR_OFFICE_WORKFLOWS","74"
"/procurement/purchase-orders/[id]","apps/web/app/procurement/purchase-orders/[id]/page.tsx","procurement","Supply Chain","Purchase Orders","Procurement record detail and governed actions","Procurement; store/warehouse; project managers; finance","API guard-derived permissions; page-level visibility NOT VERIFIED","tenant + organization","record-detail","/api/... | /api/procurement/purchase-orders/${id} | /api/v1/ | /api/v1/...","Detected in UI source; verify against domain state machine","record-detail","apps/web/app/procurement/loading.tsx","PRESENT_SIGNAL_NOT_VERIFIED","apps/web/app/procurement/error.tsx","NOT_VERIFIED","MISSING_OR_NA","PRESENT_SIGNAL_NOT_VERIFIED","MISSING_OR_NA","MISSING_OR_NA","MISSING_OR_NA","FLUID_ONLY","NOT_VERIFIED","LINK_SIGNAL_NOT_VERIFIED","STANDARD_SIGNAL_PRESENT","HIGH_FOR_FIELD_ROUTES","IMPLEMENTED_PAGE_SURFACE","NOT_VERIFIED_TO_PAGE_DOD","B_EXISTS_UX_WEAK","REFACTOR_TO_RECORD_360_STANDARD","7_MAJOR_OFFICE_WORKFLOWS","56"
"/procurement/purchase-orders/[id]/print","apps/web/app/procurement/purchase-orders/[id]/print/page.tsx","procurement","Supply Chain","Print","Procurement print output","Procurement; store/warehouse; project managers; finance","API guard-derived permissions; page-level visibility NOT VERIFIED","tenant + organization","print","/api/... | /api/procurement/purchase-orders/${id} | /api/v1/ | /api/v1/...","Detected in UI source; verify against domain state machine","document-sheet","apps/web/app/procurement/loading.tsx","PRESENT_SIGNAL_NOT_VERIFIED","apps/web/app/procurement/error.tsx","NOT_VERIFIED","MISSING_OR_NA","PRESENT_SIGNAL_NOT_VERIFIED","MISSING_OR_NA","MISSING_OR_NA","MISSING_OR_NA","BREAKPOINT","SEMANTIC_SIGNAL_NOT_VERIFIED","MISSING_OR_NA","N/A_OR_REVIEW","HIGH_FOR_FIELD_ROUTES","IMPLEMENTED_PAGE_SURFACE","NOT_VERIFIED_TO_PAGE_DOD","A_RETAIN","KEEP_AND_STANDARDIZE_PRINT","7_MAJOR_OFFICE_WORKFLOWS","40"
"/procurement/purchase-orders","apps/web/app/procurement/purchase-orders/page.tsx","procurement","Supply Chain","Purchase Orders","Purchase Orders operational work surface","Procurement; store/warehouse; project managers; finance","API guard-derived permissions; page-level visibility NOT VERIFIED","tenant + organization","register-or-workspace","/api/... | /api/procurement/purchase-orders | /api/procurement/purchase-orders/${id}/${action} | /api/procurement/purchase-orders/${id}/status | /api/procurement/purchase-orders/${po.id} | /api/projects/projects | /api/v1/ | /api/v1/...","Detected in UI source; verify against domain state machine","po-create | po-list","apps/web/app/procurement/loading.tsx","PRESENT_SIGNAL_NOT_VERIFIED","apps/web/app/procurement/error.tsx","NOT_VERIFIED","MISSING_OR_NA","MISSING_OR_NA","MISSING_OR_NA","MISSING_OR_NA","MISSING_OR_NA","NONE","SEMANTIC_SIGNAL_NOT_VERIFIED","LINK_SIGNAL_NOT_VERIFIED","N/A_OR_REVIEW","HIGH_FOR_FIELD_ROUTES","IMPLEMENTED_PAGE_SURFACE","NOT_VERIFIED_TO_PAGE_DOD","B_EXISTS_UX_WEAK","REFACTOR_INCREMENTALLY","7_MAJOR_OFFICE_WORKFLOWS","84"
"/procurement/purchase-requests","apps/web/app/procurement/purchase-requests/page.tsx","procurement","Supply Chain","Purchase Requests","Purchase Requests operational work surface","Procurement; store/warehouse; project managers; finance","API guard-derived permissions; page-level visibility NOT VERIFIED","tenant + organization","register-or-workspace","/api/... | /api/procurement/purchase-requests | /api/procurement/purchase-requests/${id}/status | /api/projects/projects | /api/v1/ | /api/v1/...","Detected in UI source; verify against domain state machine","pr-list","apps/web/app/procurement/loading.tsx","PRESENT_SIGNAL_NOT_VERIFIED","apps/web/app/procurement/error.tsx","NOT_VERIFIED","MISSING_OR_NA","MISSING_OR_NA","MISSING_OR_NA","MISSING_OR_NA","MISSING_OR_NA","FLUID_ONLY","SEMANTIC_SIGNAL_NOT_VERIFIED","MISSING_OR_NA","N/A_OR_REVIEW","HIGH_FOR_FIELD_ROUTES","IMPLEMENTED_PAGE_SURFACE","NOT_VERIFIED_TO_PAGE_DOD","B_EXISTS_UX_WEAK","REFACTOR_INCREMENTALLY","7_MAJOR_OFFICE_WORKFLOWS","54"
"/procurement/rfqs","apps/web/app/procurement/rfqs/page.tsx","procurement","Supply Chain","Rfqs","Rfqs operational work surface","Procurement; store/warehouse; project managers; finance","API guard-derived permissions; page-level visibility NOT VERIFIED","tenant + organization","register-or-workspace","/api/... | /api/procurement/rfqs | /api/procurement/rfqs/${id} | /api/procurement/rfqs/${id}/award | /api/procurement/rfqs/${id}/quotes | /api/procurement/rfqs/${id}/send | /api/v1/ | /api/v1/...","Detected in UI source; verify against domain state machine","rfq-client","apps/web/app/procurement/loading.tsx","PRESENT_SIGNAL_NOT_VERIFIED","apps/web/app/procurement/error.tsx","NOT_VERIFIED","MISSING_OR_NA","MISSING_OR_NA","MISSING_OR_NA","MISSING_OR_NA","MISSING_OR_NA","NONE","SEMANTIC_SIGNAL_NOT_VERIFIED","MISSING_OR_NA","N/A_OR_REVIEW","HIGH_FOR_FIELD_ROUTES","IMPLEMENTED_PAGE_SURFACE","NOT_VERIFIED_TO_PAGE_DOD","B_EXISTS_UX_WEAK","REFACTOR_INCREMENTALLY","7_MAJOR_OFFICE_WORKFLOWS","40"
"/procurement/spend-analytics","apps/web/app/procurement/spend-analytics/page.tsx","procurement","Supply Chain","Spend Analytics","Spend Analytics operational work surface","Procurement; store/warehouse; project managers; finance","API guard-derived permissions; page-level visibility NOT VERIFIED","tenant + organization","register-or-workspace","/api/... | /api/procurement/spend-analytics | /api/v1/ | /api/v1/...","Detected in UI source; verify against domain state machine","ui/empty-state","apps/web/app/procurement/loading.tsx","PRESENT_SIGNAL_NOT_VERIFIED","apps/web/app/procurement/error.tsx","NOT_VERIFIED","MISSING_OR_NA","MISSING_OR_NA","MISSING_OR_NA","MISSING_OR_NA","MISSING_OR_NA","FLUID_ONLY","SEMANTIC_SIGNAL_NOT_VERIFIED","LINK_SIGNAL_NOT_VERIFIED","N/A_OR_REVIEW","HIGH_FOR_FIELD_ROUTES","IMPLEMENTED_PAGE_SURFACE","NOT_VERIFIED_TO_PAGE_DOD","B_EXISTS_UX_WEAK","REFACTOR_INCREMENTALLY","7_MAJOR_OFFICE_WORKFLOWS","123"
"/procurement/suppliers","apps/web/app/procurement/suppliers/page.tsx","procurement","Supply Chain","Suppliers","Suppliers operational work surface","Procurement; store/warehouse; project managers; finance","API guard-derived permissions; page-level visibility NOT VERIFIED","tenant + organization","register-or-workspace","/api/... | /api/procurement/suppliers | /api/procurement/suppliers/${id}/status | /api/v1/ | /api/v1/...","Detected in UI source; verify against domain state machine","suppliers-client","apps/web/app/procurement/loading.tsx","PRESENT_SIGNAL_NOT_VERIFIED","apps/web/app/procurement/error.tsx","NOT_VERIFIED","MISSING_OR_NA","PRESENT_SIGNAL_NOT_VERIFIED","MISSING_OR_NA","MISSING_OR_NA","MISSING_OR_NA","NONE","SEMANTIC_SIGNAL_NOT_VERIFIED","MISSING_OR_NA","N/A_OR_REVIEW","HIGH_FOR_FIELD_ROUTES","IMPLEMENTED_PAGE_SURFACE","NOT_VERIFIED_TO_PAGE_DOD","B_EXISTS_UX_WEAK","REFACTOR_INCREMENTALLY","7_MAJOR_OFFICE_WORKFLOWS","44"
"/procurement/three-way-match","apps/web/app/procurement/three-way-match/page.tsx","procurement","Supply Chain","Three Way Match","Three Way Match operational work surface","Procurement; store/warehouse; project managers; finance","API guard-derived permissions; page-level visibility NOT VERIFIED","tenant + organization","register-or-workspace","/api/... | /api/procurement/three-way-match | /api/v1/ | /api/v1/...","Detected in UI source; verify against domain state machine","ui/empty-state","apps/web/app/procurement/loading.tsx","PRESENT_SIGNAL_NOT_VERIFIED","apps/web/app/procurement/error.tsx","NOT_VERIFIED","MISSING_OR_NA","PRESENT_SIGNAL_NOT_VERIFIED","MISSING_OR_NA","MISSING_OR_NA","MISSING_OR_NA","FLUID_ONLY","SEMANTIC_SIGNAL_NOT_VERIFIED","LINK_SIGNAL_NOT_VERIFIED","N/A_OR_REVIEW","HIGH_FOR_FIELD_ROUTES","IMPLEMENTED_PAGE_SURFACE","NOT_VERIFIED_TO_PAGE_DOD","B_EXISTS_UX_WEAK","REFACTOR_INCREMENTALLY","7_MAJOR_OFFICE_WORKFLOWS","110"
"/project/[projectId]/[area]","apps/web/app/project/[projectId]/[area]/page.tsx","project","Project Delivery","Project","Project-scoped delivery area register","Project managers; engineers; site; QA/QC; HSE; commissioning; document control","API guard-derived permissions; page-level visibility NOT VERIFIED","tenant + organization + project (URL-addressable)","record-detail","/api/... | /api/commissioning/records | /api/doccontrol/register | /api/engineering/drawings | /api/hse/ptws | /api/quality/ncrs | /api/site/daily-reports | /api/v1/ | /api/v1/...","Detected in UI source; verify against domain state machine","project-area-register | ui/data-state","apps/web/app/loading.tsx","PRESENT_SIGNAL_NOT_VERIFIED","apps/web/app/error.tsx","PRESENT_SIGNAL_NOT_VERIFIED","PRESENT_SIGNAL_NOT_VERIFIED","PRESENT_SIGNAL_NOT_VERIFIED","PRESENT_SIGNAL_NOT_VERIFIED","PRESENT_SIGNAL_NOT_VERIFIED","MISSING_OR_NA","NONE","SEMANTIC_SIGNAL_NOT_VERIFIED","LINK_SIGNAL_NOT_VERIFIED","REQUIRED","HIGH_FOR_FIELD_ROUTES","IMPLEMENTED_PAGE_SURFACE","NOT_VERIFIED_TO_PAGE_DOD","B_EXISTS_UX_WEAK","REBUILD_WITH_SHARED_REGISTER","6_PROJECT_DELIVERY","57"
"/project/[projectId]/controls","apps/web/app/project/[projectId]/controls/page.tsx","project","Project Delivery","Controls","Canonical commercial and project-control view inside Project 360","Project managers; engineers; site; QA/QC; HSE; commissioning; document control","API guard-derived permissions; page-level visibility NOT VERIFIED","tenant + organization + project (URL-addressable)","record-detail","/api/... | /api/contracts/certificates/summary/${project.contractId} | /api/projects/closeouts | /api/projects/closeouts/${closeout.id}/finalize | /api/projects/closeouts/${closeout.id}/items/${i} | /api/projects/closeouts?projectId=${project.id} | /api/projects/eot-claims?projectId=${project.id} | /api/projects/projects/${project.id}/evm | /api/projects/projects/${project.id}/status | /api/projects/projects/${projectId} | /api/projects/variations/summary/${project.id} | /api/projects/variations?projectId=${project.id} | /api/v1/ | /api/v1/...","Detected in UI source; verify against domain state machine","project-360-client | record-chrome | ui/data-state","apps/web/app/loading.tsx","PRESENT_SIGNAL_NOT_VERIFIED","apps/web/app/error.tsx","PRESENT_SIGNAL_NOT_VERIFIED","PRESENT_SIGNAL_NOT_VERIFIED","PRESENT_SIGNAL_NOT_VERIFIED","MISSING_OR_NA","PRESENT_SIGNAL_NOT_VERIFIED","MISSING_OR_NA","NONE","SEMANTIC_SIGNAL_NOT_VERIFIED","LINK_SIGNAL_NOT_VERIFIED","STANDARD_SIGNAL_PRESENT","HIGH_FOR_FIELD_ROUTES","IMPLEMENTED_PAGE_SURFACE","NOT_VERIFIED_TO_PAGE_DOD","B_EXISTS_UX_WEAK","RETAIN_CANONICAL_PROJECT_360_CONTROL_VIEW","2_REFERENCE_PRIMITIVES","28"
"/project/[projectId]","apps/web/app/project/[projectId]/page.tsx","project","Project Delivery","Project","Project delivery command center in a stable project context","Project managers; engineers; site; QA/QC; HSE; commissioning; document control","API guard-derived permissions; page-level visibility NOT VERIFIED","tenant + organization + project (URL-addressable)","record-detail","/api/... | /api/commissioning/records | /api/doccontrol/register | /api/engineering/drawings | /api/hse/ptws | /api/quality/ncrs | /api/site/daily-reports | /api/v1/ | /api/v1/...","Detected in UI source; verify against domain state machine","","apps/web/app/loading.tsx","PRESENT_SIGNAL_NOT_VERIFIED","apps/web/app/error.tsx","NOT_VERIFIED","PRESENT_SIGNAL_NOT_VERIFIED","PRESENT_SIGNAL_NOT_VERIFIED","PRESENT_SIGNAL_NOT_VERIFIED","MISSING_OR_NA","MISSING_OR_NA","BREAKPOINT","SEMANTIC_SIGNAL_NOT_VERIFIED","LINK_SIGNAL_NOT_VERIFIED","REQUIRED","HIGH_FOR_FIELD_ROUTES","IMPLEMENTED_PAGE_SURFACE","NOT_VERIFIED_TO_PAGE_DOD","A_RETAIN_AND_INTEGRATE","RETAIN_REFERENCE_SLICE","2_REFERENCE_PRIMITIVES","249"
"/project/[projectId]/team","apps/web/app/project/[projectId]/team/page.tsx","project","Project Delivery","Team","Project record detail and governed actions","Project managers; engineers; site; QA/QC; HSE; commissioning; document control","API guard-derived permissions; page-level visibility NOT VERIFIED","tenant + organization + project (URL-addressable)","record-detail","/api/projects/${projectId}/assignable | /api/projects/${projectId}/members | /api/projects/${projectId}/members/${encodeURIComponent","Detected in UI source; verify against domain state machine","project-team","apps/web/app/loading.tsx","PRESENT_SIGNAL_NOT_VERIFIED","apps/web/app/error.tsx","NOT_VERIFIED","MISSING_OR_NA","MISSING_OR_NA","MISSING_OR_NA","MISSING_OR_NA","MISSING_OR_NA","NONE","SEMANTIC_SIGNAL_NOT_VERIFIED","MISSING_OR_NA","REQUIRED","HIGH_FOR_FIELD_ROUTES","IMPLEMENTED_PAGE_SURFACE","NOT_VERIFIED_TO_PAGE_DOD","B_EXISTS_UX_WEAK","REFACTOR_TO_RECORD_360_STANDARD","6_PROJECT_DELIVERY","22"
"/projects/closeout","apps/web/app/projects/closeout/page.tsx","projects","Project Delivery","Closeout","Closeout operational work surface","Project managers; engineers; site; QA/QC; HSE; commissioning; document control","API guard-derived permissions; page-level visibility NOT VERIFIED","tenant + organization; project filter varies by page","register-or-workspace","/api/... | /api/commissioning/handovers | /api/projects/projects | /api/v1/ | /api/v1/...","Detected in UI source; verify against domain state machine","project-closeout-wizard","apps/web/app/projects/loading.tsx","PRESENT_SIGNAL_NOT_VERIFIED","apps/web/app/projects/error.tsx","NOT_VERIFIED","MISSING_OR_NA","MISSING_OR_NA","MISSING_OR_NA","MISSING_OR_NA","MISSING_OR_NA","FLUID_ONLY","SEMANTIC_SIGNAL_NOT_VERIFIED","MISSING_OR_NA","N/A_OR_REVIEW","HIGH_FOR_FIELD_ROUTES","IMPLEMENTED_PAGE_SURFACE","NOT_VERIFIED_TO_PAGE_DOD","B_EXISTS_UX_WEAK","REFACTOR_INCREMENTALLY","6_PROJECT_DELIVERY","15"
"/projects/dashboard","apps/web/app/projects/dashboard/page.tsx","projects","Project Delivery","Dashboard","Dashboard status, attention and navigation","Project managers; engineers; site; QA/QC; HSE; commissioning; document control","API guard-derived permissions; page-level visibility NOT VERIFIED","tenant + organization; project filter varies by page","home-or-command-center","/api/... | /api/projects/projects/portfolio | /api/v1/ | /api/v1/...","Detected in UI source; verify against domain state machine","ui/empty-state","apps/web/app/projects/loading.tsx","PRESENT_SIGNAL_NOT_VERIFIED","apps/web/app/projects/error.tsx","NOT_VERIFIED","MISSING_OR_NA","PRESENT_SIGNAL_NOT_VERIFIED","MISSING_OR_NA","MISSING_OR_NA","MISSING_OR_NA","FLUID_ONLY","SEMANTIC_SIGNAL_NOT_VERIFIED","LINK_SIGNAL_NOT_VERIFIED","N/A_OR_REVIEW","HIGH_FOR_FIELD_ROUTES","IMPLEMENTED_PAGE_SURFACE","NOT_VERIFIED_TO_PAGE_DOD","B_EXISTS_UX_WEAK","REBUILD_AS_PROJECT_SUITE_HOME","6_PROJECT_DELIVERY","141"
"/projects/projects/[id]","apps/web/app/projects/projects/[id]/page.tsx","projects","Project Delivery","Projects","Compatibility redirect to canonical Project 360 controls","Project managers; engineers; site; QA/QC; HSE; commissioning; document control","API guard-derived permissions; page-level visibility NOT VERIFIED","tenant + organization; project filter varies by page","record-detail","","None detected / NOT VERIFIED","","apps/web/app/projects/loading.tsx","MISSING","apps/web/app/projects/error.tsx","NOT_VERIFIED","PRESENT_SIGNAL_NOT_VERIFIED","PRESENT_SIGNAL_NOT_VERIFIED","MISSING_OR_NA","MISSING_OR_NA","MISSING_OR_NA","NONE","NOT_VERIFIED","MISSING_OR_NA","REQUIRED","HIGH_FOR_FIELD_ROUTES","IMPLEMENTED_PAGE_SURFACE","NOT_VERIFIED_TO_PAGE_DOD","B_EXISTS_UX_WEAK","COMPATIBILITY_REDIRECT_TO_PROJECT_360","2_REFERENCE_PRIMITIVES","24"
"/projects/projects","apps/web/app/projects/projects/page.tsx","projects","Project Delivery","Projects","Projects operational work surface","Project managers; engineers; site; QA/QC; HSE; commissioning; document control","API guard-derived permissions; page-level visibility NOT VERIFIED","tenant + organization; project filter varies by page","register-or-workspace","/api/... | /api/contracts/contracts?status=active | /api/projects/cbs | /api/projects/cbs/${nodeId} | /api/projects/cbs/summary/${projectId} | /api/projects/cbs?projectId=${projectId} | /api/projects/delays | /api/projects/delays/${delayId}/status | /api/projects/delays/analysis/${projectId} | /api/projects/delays?projectId=${projectId} | /api/projects/eot-claims | /api/projects/eot-claims/${eotId}/decide | /api/projects/eot-claims/${eotId}/submit | /api/projects/eot-claims?projectId=${projectId} | /api/projects/projects | /api/projects/projects/${project.id} | /api/projects/projects/${projectId}/evm | /api/projects/wbs | /api/projects/wbs/${nodeId}/progress | /api/projects/wbs?projectId=${projectId} | /api/v1/ | /api/v1/...","Detected in UI source; verify against domain state machine","project-create | project-detail | ui/data-state","apps/web/app/projects/loading.tsx","PRESENT_SIGNAL_NOT_VERIFIED","apps/web/app/projects/error.tsx","PRESENT_SIGNAL_NOT_VERIFIED","PRESENT_SIGNAL_NOT_VERIFIED","PRESENT_SIGNAL_NOT_VERIFIED","PRESENT_SIGNAL_NOT_VERIFIED","PRESENT_SIGNAL_NOT_VERIFIED","MISSING_OR_NA","FLUID_ONLY","SEMANTIC_SIGNAL_NOT_VERIFIED","LINK_SIGNAL_NOT_VERIFIED","N/A_OR_REVIEW","HIGH_FOR_FIELD_ROUTES","IMPLEMENTED_PAGE_SURFACE","NOT_VERIFIED_TO_PAGE_DOD","A_RETAIN_AND_INTEGRATE","REFACTOR_INCREMENTALLY","6_PROJECT_DELIVERY","211"
"/projects/schedule","apps/web/app/projects/schedule/page.tsx","projects","Project Delivery","Schedule","Schedule operational work surface","Project managers; engineers; site; QA/QC; HSE; commissioning; document control","API guard-derived permissions; page-level visibility NOT VERIFIED","tenant + organization; project filter varies by page","register-or-workspace","/api/... | /api/projects/projects | /api/projects/schedules | /api/projects/schedules/${projectId}/baseline | /api/v1/ | /api/v1/...","Detected in UI source; verify against domain state machine","gantt-client","apps/web/app/projects/loading.tsx","PRESENT_SIGNAL_NOT_VERIFIED","apps/web/app/projects/error.tsx","NOT_VERIFIED","MISSING_OR_NA","PRESENT_SIGNAL_NOT_VERIFIED","MISSING_OR_NA","MISSING_OR_NA","MISSING_OR_NA","NONE","NOT_VERIFIED","MISSING_OR_NA","N/A_OR_REVIEW","HIGH_FOR_FIELD_ROUTES","IMPLEMENTED_PAGE_SURFACE","NOT_VERIFIED_TO_PAGE_DOD","B_EXISTS_UX_WEAK","REFACTOR_INCREMENTALLY","6_PROJECT_DELIVERY","44"
"/projects/variations","apps/web/app/projects/variations/page.tsx","projects","Project Delivery","Variations","Variations operational work surface","Project managers; engineers; site; QA/QC; HSE; commissioning; document control","API guard-derived permissions; page-level visibility NOT VERIFIED","tenant + organization; project filter varies by page","register-or-workspace","/api/... | /api/projects/projects | /api/projects/variations | /api/projects/variations/${id}/status | /api/projects/variations/summary/${pid} | /api/v1/ | /api/v1/...","Detected in UI source; verify against domain state machine","variations-client","apps/web/app/projects/loading.tsx","PRESENT_SIGNAL_NOT_VERIFIED","apps/web/app/projects/error.tsx","NOT_VERIFIED","MISSING_OR_NA","MISSING_OR_NA","MISSING_OR_NA","MISSING_OR_NA","MISSING_OR_NA","NONE","SEMANTIC_SIGNAL_NOT_VERIFIED","MISSING_OR_NA","N/A_OR_REVIEW","HIGH_FOR_FIELD_ROUTES","IMPLEMENTED_PAGE_SURFACE","NOT_VERIFIED_TO_PAGE_DOD","B_EXISTS_UX_WEAK","REFACTOR_INCREMENTALLY","6_PROJECT_DELIVERY","50"
"/quality/calibrations","apps/web/app/quality/calibrations/page.tsx","quality","Project Delivery","Calibrations","Calibrations operational work surface","Project managers; engineers; site; QA/QC; HSE; commissioning; document control","API guard-derived permissions; page-level visibility NOT VERIFIED","tenant + organization; project filter varies by page","register-or-workspace","/api/... | /api/quality/calibrations | /api/v1/ | /api/v1/...","Detected in UI source; verify against domain state machine","calibration-client","apps/web/app/quality/loading.tsx","PRESENT_SIGNAL_NOT_VERIFIED","apps/web/app/quality/error.tsx","NOT_VERIFIED","MISSING_OR_NA","PRESENT_SIGNAL_NOT_VERIFIED","PRESENT_SIGNAL_NOT_VERIFIED","MISSING_OR_NA","MISSING_OR_NA","NONE","SEMANTIC_SIGNAL_NOT_VERIFIED","MISSING_OR_NA","N/A_OR_REVIEW","HIGH_FOR_FIELD_ROUTES","IMPLEMENTED_PAGE_SURFACE","NOT_VERIFIED_TO_PAGE_DOD","B_EXISTS_UX_WEAK","REFACTOR_INCREMENTALLY","6_PROJECT_DELIVERY","31"
"/quality/control","apps/web/app/quality/control/page.tsx","quality","Project Delivery","Control","Control status, attention and navigation","Project managers; engineers; site; QA/QC; HSE; commissioning; document control","API guard-derived permissions; page-level visibility NOT VERIFIED","tenant + organization; project filter varies by page","home-or-command-center","/api/... | /api/projects/projects | /api/quality/audits | /api/quality/audits/${auditId}/checklist | /api/quality/audits/${auditId}/checklist/${itemIndex}/ncr | /api/quality/irs | /api/quality/irs/${id}/resolve | /api/quality/ncrs | /api/quality/ncrs/${id}/status | /api/quality/snags | /api/quality/snags/${id}/close | /api/quality/snags/${id}/resolve | /api/v1/ | /api/v1/...","Detected in UI source; verify against domain state machine","quality-control-client","apps/web/app/quality/loading.tsx","PRESENT_SIGNAL_NOT_VERIFIED","apps/web/app/quality/error.tsx","NOT_VERIFIED","MISSING_OR_NA","MISSING_OR_NA","MISSING_OR_NA","MISSING_OR_NA","MISSING_OR_NA","NONE","SEMANTIC_SIGNAL_NOT_VERIFIED","MISSING_OR_NA","N/A_OR_REVIEW","HIGH_FOR_FIELD_ROUTES","IMPLEMENTED_PAGE_SURFACE","NOT_VERIFIED_TO_PAGE_DOD","B_EXISTS_UX_WEAK","REBUILD_AS_SUITE_OR_FUNCTION_HOME","6_PROJECT_DELIVERY","120"
"/quality/inspection-requests","apps/web/app/quality/inspection-requests/page.tsx","quality","Project Delivery","Inspection Requests","Inspection Requests operational work surface","Project managers; engineers; site; QA/QC; HSE; commissioning; document control","API guard-derived permissions; page-level visibility NOT VERIFIED","tenant + organization; project filter varies by page","register-or-workspace","/api/... | /api/quality/irs | /api/quality/irs/${id}/resolve | /api/v1/ | /api/v1/...","Detected in UI source; verify against domain state machine","inspection-request-client","apps/web/app/quality/loading.tsx","PRESENT_SIGNAL_NOT_VERIFIED","apps/web/app/quality/error.tsx","NOT_VERIFIED","MISSING_OR_NA","PRESENT_SIGNAL_NOT_VERIFIED","MISSING_OR_NA","MISSING_OR_NA","PRESENT_SIGNAL_NOT_VERIFIED","NONE","SEMANTIC_SIGNAL_NOT_VERIFIED","MISSING_OR_NA","N/A_OR_REVIEW","HIGH_FOR_FIELD_ROUTES","IMPLEMENTED_PAGE_SURFACE","NOT_VERIFIED_TO_PAGE_DOD","B_EXISTS_UX_WEAK","REFACTOR_INCREMENTALLY","6_PROJECT_DELIVERY","31"
"/quality/itps","apps/web/app/quality/itps/page.tsx","quality","Project Delivery","Itps","Itps operational work surface","Project managers; engineers; site; QA/QC; HSE; commissioning; document control","API guard-derived permissions; page-level visibility NOT VERIFIED","tenant + organization; project filter varies by page","register-or-workspace","/api/... | /api/quality/itps | /api/quality/itps/${id}/${action} | /api/quality/itps/${id}/points/${index} | /api/v1/ | /api/v1/...","Detected in UI source; verify against domain state machine","itp-client","apps/web/app/quality/loading.tsx","PRESENT_SIGNAL_NOT_VERIFIED","apps/web/app/quality/error.tsx","NOT_VERIFIED","MISSING_OR_NA","PRESENT_SIGNAL_NOT_VERIFIED","MISSING_OR_NA","MISSING_OR_NA","MISSING_OR_NA","NONE","SEMANTIC_SIGNAL_NOT_VERIFIED","MISSING_OR_NA","N/A_OR_REVIEW","HIGH_FOR_FIELD_ROUTES","IMPLEMENTED_PAGE_SURFACE","NOT_VERIFIED_TO_PAGE_DOD","B_EXISTS_UX_WEAK","REFACTOR_INCREMENTALLY","6_PROJECT_DELIVERY","42"
"/quality/material-approvals","apps/web/app/quality/material-approvals/page.tsx","quality","Project Delivery","Material Approvals","Material Approvals operational work surface","Project managers; engineers; site; QA/QC; HSE; commissioning; document control","API guard-derived permissions; page-level visibility NOT VERIFIED","tenant + organization; project filter varies by page","register-or-workspace","/api/... | /api/quality/material-approvals | /api/quality/material-approvals/${id}/${action} | /api/v1/ | /api/v1/...","Detected in UI source; verify against domain state machine","mar-client","apps/web/app/quality/loading.tsx","PRESENT_SIGNAL_NOT_VERIFIED","apps/web/app/quality/error.tsx","NOT_VERIFIED","MISSING_OR_NA","MISSING_OR_NA","MISSING_OR_NA","MISSING_OR_NA","MISSING_OR_NA","NONE","SEMANTIC_SIGNAL_NOT_VERIFIED","MISSING_OR_NA","N/A_OR_REVIEW","HIGH_FOR_FIELD_ROUTES","IMPLEMENTED_PAGE_SURFACE","NOT_VERIFIED_TO_PAGE_DOD","B_EXISTS_UX_WEAK","REFACTOR_INCREMENTALLY","6_PROJECT_DELIVERY","44"
"/quality/ncrs/[id]","apps/web/app/quality/ncrs/[id]/page.tsx","quality","Project Delivery","Ncrs","Quality record detail and governed actions","Project managers; engineers; site; QA/QC; HSE; commissioning; document control","API guard-derived permissions; page-level visibility NOT VERIFIED","tenant + organization; project filter varies by page","record-detail","/api/... | /api/quality/ncrs/${id} | /api/quality/ncrs/${id}/${command} | /api/quality/ncrs/${id}/verifications | /api/v1/ | /api/v1/...","Detected in UI source; verify against domain state machine","ncr-workflow-actions","apps/web/app/quality/loading.tsx","PRESENT_SIGNAL_NOT_VERIFIED","apps/web/app/quality/error.tsx","NOT_VERIFIED","MISSING_OR_NA","MISSING_OR_NA","MISSING_OR_NA","MISSING_OR_NA","MISSING_OR_NA","NONE","SEMANTIC_SIGNAL_NOT_VERIFIED","LINK_SIGNAL_NOT_VERIFIED","REQUIRED","HIGH_FOR_FIELD_ROUTES","IMPLEMENTED_PAGE_SURFACE","NOT_VERIFIED_TO_PAGE_DOD","B_EXISTS_UX_WEAK","REFACTOR_TO_RECORD_360_STANDARD","6_PROJECT_DELIVERY","160"
"/quality/ncrs","apps/web/app/quality/ncrs/page.tsx","quality","Project Delivery","Ncrs","Ncrs operational work surface","Project managers; engineers; site; QA/QC; HSE; commissioning; document control","API guard-derived permissions; page-level visibility NOT VERIFIED","tenant + organization; project filter varies by page","register-or-workspace","/api/... | /api/quality/ncrs | /api/v1/ | /api/v1/...","Detected in UI source; verify against domain state machine","ncr-client","apps/web/app/quality/loading.tsx","PRESENT_SIGNAL_NOT_VERIFIED","apps/web/app/quality/error.tsx","NOT_VERIFIED","MISSING_OR_NA","PRESENT_SIGNAL_NOT_VERIFIED","MISSING_OR_NA","MISSING_OR_NA","PRESENT_SIGNAL_NOT_VERIFIED","NONE","SEMANTIC_SIGNAL_NOT_VERIFIED","LINK_SIGNAL_NOT_VERIFIED","N/A_OR_REVIEW","HIGH_FOR_FIELD_ROUTES","IMPLEMENTED_PAGE_SURFACE","NOT_VERIFIED_TO_PAGE_DOD","B_EXISTS_UX_WEAK","REFACTOR_INCREMENTALLY","6_PROJECT_DELIVERY","31"
"/quality/snags","apps/web/app/quality/snags/page.tsx","quality","Project Delivery","Snags","Snags operational work surface","Project managers; engineers; site; QA/QC; HSE; commissioning; document control","API guard-derived permissions; page-level visibility NOT VERIFIED","tenant + organization; project filter varies by page","register-or-workspace","/api/... | /api/quality/snags | /api/quality/snags/${id}/${action} | /api/v1/ | /api/v1/...","Detected in UI source; verify against domain state machine","snag-client","apps/web/app/quality/loading.tsx","PRESENT_SIGNAL_NOT_VERIFIED","apps/web/app/quality/error.tsx","NOT_VERIFIED","MISSING_OR_NA","PRESENT_SIGNAL_NOT_VERIFIED","MISSING_OR_NA","MISSING_OR_NA","PRESENT_SIGNAL_NOT_VERIFIED","NONE","SEMANTIC_SIGNAL_NOT_VERIFIED","MISSING_OR_NA","N/A_OR_REVIEW","HIGH_FOR_FIELD_ROUTES","IMPLEMENTED_PAGE_SURFACE","NOT_VERIFIED_TO_PAGE_DOD","B_EXISTS_UX_WEAK","REFACTOR_INCREMENTALLY","6_PROJECT_DELIVERY","31"
"/search","apps/web/app/search/page.tsx","search","Universal Work Layer","Search","Search operational work surface","All authorized users","API guard-derived permissions; page-level visibility NOT VERIFIED","tenant + organization","register-or-workspace","","None detected / NOT VERIFIED","","apps/web/app/search/loading.tsx","MISSING","apps/web/app/search/error.tsx","NOT_VERIFIED","PRESENT_SIGNAL_NOT_VERIFIED","PRESENT_SIGNAL_NOT_VERIFIED","MISSING_OR_NA","MISSING_OR_NA","MISSING_OR_NA","NONE","NOT_VERIFIED","MISSING_OR_NA","N/A_OR_REVIEW","STANDARD","IMPLEMENTED_PAGE_SURFACE","NOT_VERIFIED_TO_PAGE_DOD","B_EXISTS_UX_WEAK","REFACTOR_INCREMENTALLY","3_GLOBAL_SHELL_AND_HOME","12"
"/site/control","apps/web/app/site/control/page.tsx","site","Project Delivery","Control","Control status, attention and navigation","Project managers; engineers; site; QA/QC; HSE; commissioning; document control","API guard-derived permissions; page-level visibility NOT VERIFIED","tenant + organization; project filter varies by page","home-or-command-center","/api/... | /api/projects/projects | /api/projects/schedules | /api/site/daily-reports | /api/site/daily-reports/${id}/submit | /api/site/delay-logs | /api/site/delay-logs/${id}/resolve | /api/site/labour | /api/site/material-consumption | /api/v1/ | /api/v1/...","Detected in UI source; verify against domain state machine","site-control-client","apps/web/app/site/loading.tsx","PRESENT_SIGNAL_NOT_VERIFIED","apps/web/app/site/error.tsx","NOT_VERIFIED","MISSING_OR_NA","MISSING_OR_NA","MISSING_OR_NA","MISSING_OR_NA","MISSING_OR_NA","NONE","SEMANTIC_SIGNAL_NOT_VERIFIED","LINK_SIGNAL_NOT_VERIFIED","N/A_OR_REVIEW","HIGH_FOR_FIELD_ROUTES","IMPLEMENTED_PAGE_SURFACE","NOT_VERIFIED_TO_PAGE_DOD","B_EXISTS_UX_WEAK","REBUILD_AS_SUITE_OR_FUNCTION_HOME","6_PROJECT_DELIVERY","137"
"/site/daily-reports/[id]/print","apps/web/app/site/daily-reports/[id]/print/page.tsx","site","Project Delivery","Print","Site print output","Project managers; engineers; site; QA/QC; HSE; commissioning; document control","API guard-derived permissions; page-level visibility NOT VERIFIED","tenant + organization; project filter varies by page","print","/api/... | /api/site/daily-reports/${id} | /api/v1/ | /api/v1/...","Detected in UI source; verify against domain state machine","document-sheet","apps/web/app/site/loading.tsx","PRESENT_SIGNAL_NOT_VERIFIED","apps/web/app/site/error.tsx","NOT_VERIFIED","MISSING_OR_NA","MISSING_OR_NA","MISSING_OR_NA","MISSING_OR_NA","MISSING_OR_NA","BREAKPOINT","SEMANTIC_SIGNAL_NOT_VERIFIED","MISSING_OR_NA","N/A_OR_REVIEW","HIGH_FOR_FIELD_ROUTES","IMPLEMENTED_PAGE_SURFACE","NOT_VERIFIED_TO_PAGE_DOD","A_RETAIN","KEEP_AND_STANDARDIZE_PRINT","6_PROJECT_DELIVERY","47"
"/site/daily-reports","apps/web/app/site/daily-reports/page.tsx","site","Project Delivery","Daily Reports","Daily Reports operational work surface","Project managers; engineers; site; QA/QC; HSE; commissioning; document control","API guard-derived permissions; page-level visibility NOT VERIFIED","tenant + organization; project filter varies by page","register-or-workspace","/api/... | /api/site/daily-reports | /api/site/daily-reports/${id}/submit | /api/site/labour | /api/v1/ | /api/v1/...","Detected in UI source; verify against domain state machine","daily-report-client","apps/web/app/site/loading.tsx","PRESENT_SIGNAL_NOT_VERIFIED","apps/web/app/site/error.tsx","NOT_VERIFIED","MISSING_OR_NA","PRESENT_SIGNAL_NOT_VERIFIED","MISSING_OR_NA","MISSING_OR_NA","PRESENT_SIGNAL_NOT_VERIFIED","NONE","SEMANTIC_SIGNAL_NOT_VERIFIED","LINK_SIGNAL_NOT_VERIFIED","N/A_OR_REVIEW","HIGH_FOR_FIELD_ROUTES","IMPLEMENTED_PAGE_SURFACE","NOT_VERIFIED_TO_PAGE_DOD","B_EXISTS_UX_WEAK","REFACTOR_INCREMENTALLY","6_PROJECT_DELIVERY","34"
"/site/execution/[id]","apps/web/app/site/execution/[id]/page.tsx","site","Project Delivery","Execution","Site record detail and governed actions","Project managers; engineers; site; QA/QC; HSE; commissioning; document control","API guard-derived permissions; page-level visibility NOT VERIFIED","tenant + organization; project filter varies by page","record-detail","/api/... | /api/site/daily-reports/${id} | /api/site/daily-reports/${id}/${path} | /api/v1/ | /api/v1/...","Detected in UI source; verify against domain state machine","site-report-actions","apps/web/app/site/loading.tsx","PRESENT_SIGNAL_NOT_VERIFIED","apps/web/app/site/error.tsx","NOT_VERIFIED","MISSING_OR_NA","MISSING_OR_NA","MISSING_OR_NA","MISSING_OR_NA","MISSING_OR_NA","FLUID_ONLY","SEMANTIC_SIGNAL_NOT_VERIFIED","LINK_SIGNAL_NOT_VERIFIED","REQUIRED","HIGH_FOR_FIELD_ROUTES","IMPLEMENTED_PAGE_SURFACE","NOT_VERIFIED_TO_PAGE_DOD","B_EXISTS_UX_WEAK","REFACTOR_TO_RECORD_360_STANDARD","6_PROJECT_DELIVERY","170"
"/site/execution","apps/web/app/site/execution/page.tsx","site","Project Delivery","Execution","Execution operational work surface","Project managers; engineers; site; QA/QC; HSE; commissioning; document control","API guard-derived permissions; page-level visibility NOT VERIFIED","tenant + organization; project filter varies by page","register-or-workspace","/api/... | /api/site/daily-reports | /api/v1/ | /api/v1/...","Detected in UI source; verify against domain state machine","","apps/web/app/site/loading.tsx","PRESENT_SIGNAL_NOT_VERIFIED","apps/web/app/site/error.tsx","NOT_VERIFIED","MISSING_OR_NA","PRESENT_SIGNAL_NOT_VERIFIED","PRESENT_SIGNAL_NOT_VERIFIED","MISSING_OR_NA","MISSING_OR_NA","FLUID_ONLY","SEMANTIC_SIGNAL_NOT_VERIFIED","LINK_SIGNAL_NOT_VERIFIED","N/A_OR_REVIEW","HIGH_FOR_FIELD_ROUTES","IMPLEMENTED_PAGE_SURFACE","NOT_VERIFIED_TO_PAGE_DOD","B_EXISTS_UX_WEAK","REFACTOR_INCREMENTALLY","6_PROJECT_DELIVERY","114"
"/site/instructions","apps/web/app/site/instructions/page.tsx","site","Project Delivery","Instructions","Instructions operational work surface","Project managers; engineers; site; QA/QC; HSE; commissioning; document control","API guard-derived permissions; page-level visibility NOT VERIFIED","tenant + organization; project filter varies by page","register-or-workspace","/api/... | /api/site/instructions | /api/site/instructions/${id}/${action} | /api/v1/ | /api/v1/...","Detected in UI source; verify against domain state machine","site-instructions-client","apps/web/app/site/loading.tsx","PRESENT_SIGNAL_NOT_VERIFIED","apps/web/app/site/error.tsx","NOT_VERIFIED","MISSING_OR_NA","PRESENT_SIGNAL_NOT_VERIFIED","MISSING_OR_NA","MISSING_OR_NA","MISSING_OR_NA","NONE","SEMANTIC_SIGNAL_NOT_VERIFIED","MISSING_OR_NA","N/A_OR_REVIEW","HIGH_FOR_FIELD_ROUTES","IMPLEMENTED_PAGE_SURFACE","NOT_VERIFIED_TO_PAGE_DOD","B_EXISTS_UX_WEAK","REFACTOR_INCREMENTALLY","6_PROJECT_DELIVERY","43"
"/subcontracts/back-charges","apps/web/app/subcontracts/back-charges/page.tsx","subcontracts","Commercial & Contracts","Back Charges","Back Charges operational work surface","Commercial; contracts; quantity surveyors; project managers; finance","API guard-derived permissions; page-level visibility NOT VERIFIED","tenant + organization","register-or-workspace","/api/... | /api/subcontracts | /api/subcontracts/back-charges | /api/subcontracts/back-charges/${bc.id}/recover | /api/subcontracts/back-charges/${id}/status | /api/subcontracts/back-charges/summary | /api/v1/ | /api/v1/...","Detected in UI source; verify against domain state machine","back-charges-client","apps/web/app/subcontracts/loading.tsx","PRESENT_SIGNAL_NOT_VERIFIED","apps/web/app/subcontracts/error.tsx","NOT_VERIFIED","MISSING_OR_NA","PRESENT_SIGNAL_NOT_VERIFIED","MISSING_OR_NA","MISSING_OR_NA","MISSING_OR_NA","NONE","SEMANTIC_SIGNAL_NOT_VERIFIED","MISSING_OR_NA","N/A_OR_REVIEW","STANDARD","IMPLEMENTED_PAGE_SURFACE","NOT_VERIFIED_TO_PAGE_DOD","B_EXISTS_UX_WEAK","REFACTOR_INCREMENTALLY","7_MAJOR_OFFICE_WORKFLOWS","73"
"/subcontracts/claims","apps/web/app/subcontracts/claims/page.tsx","subcontracts","Commercial & Contracts","Claims","Claims operational work surface","Commercial; contracts; quantity surveyors; project managers; finance","API guard-derived permissions; page-level visibility NOT VERIFIED","tenant + organization","register-or-workspace","/api/... | /api/subcontracts | /api/subcontracts/claims | /api/subcontracts/claims/${id}/${action} | /api/v1/ | /api/v1/...","Detected in UI source; verify against domain state machine","subcontract-claims-client","apps/web/app/subcontracts/loading.tsx","PRESENT_SIGNAL_NOT_VERIFIED","apps/web/app/subcontracts/error.tsx","NOT_VERIFIED","MISSING_OR_NA","PRESENT_SIGNAL_NOT_VERIFIED","MISSING_OR_NA","MISSING_OR_NA","MISSING_OR_NA","NONE","SEMANTIC_SIGNAL_NOT_VERIFIED","MISSING_OR_NA","N/A_OR_REVIEW","STANDARD","IMPLEMENTED_PAGE_SURFACE","NOT_VERIFIED_TO_PAGE_DOD","B_EXISTS_UX_WEAK","REFACTOR_INCREMENTALLY","7_MAJOR_OFFICE_WORKFLOWS","35"
"/subcontracts/subcontracts/[id]/print","apps/web/app/subcontracts/subcontracts/[id]/print/page.tsx","subcontracts","Commercial & Contracts","Print","Subcontracts print output","Commercial; contracts; quantity surveyors; project managers; finance","API guard-derived permissions; page-level visibility NOT VERIFIED","tenant + organization","print","/api/... | /api/subcontracts/${id} | /api/v1/ | /api/v1/...","Detected in UI source; verify against domain state machine","document-sheet","apps/web/app/subcontracts/loading.tsx","PRESENT_SIGNAL_NOT_VERIFIED","apps/web/app/subcontracts/error.tsx","NOT_VERIFIED","MISSING_OR_NA","PRESENT_SIGNAL_NOT_VERIFIED","MISSING_OR_NA","MISSING_OR_NA","MISSING_OR_NA","BREAKPOINT","SEMANTIC_SIGNAL_NOT_VERIFIED","MISSING_OR_NA","N/A_OR_REVIEW","STANDARD","IMPLEMENTED_PAGE_SURFACE","NOT_VERIFIED_TO_PAGE_DOD","A_RETAIN","KEEP_AND_STANDARDIZE_PRINT","7_MAJOR_OFFICE_WORKFLOWS","35"
"/subcontracts/subcontracts","apps/web/app/subcontracts/subcontracts/page.tsx","subcontracts","Commercial & Contracts","Subcontracts","Subcontracts operational work surface","Commercial; contracts; quantity surveyors; project managers; finance","API guard-derived permissions; page-level visibility NOT VERIFIED","tenant + organization","register-or-workspace","/api/... | /api/projects/projects | /api/subcontracts | /api/subcontracts/${id}/status | /api/subcontracts/claims | /api/subcontracts/claims/${claimId}/certify | /api/subcontracts/claims/${claimId}/pay | /api/v1/ | /api/v1/...","Detected in UI source; verify against domain state machine","subcontract-create | subcontracts-list","apps/web/app/subcontracts/loading.tsx","PRESENT_SIGNAL_NOT_VERIFIED","apps/web/app/subcontracts/error.tsx","NOT_VERIFIED","MISSING_OR_NA","PRESENT_SIGNAL_NOT_VERIFIED","MISSING_OR_NA","MISSING_OR_NA","MISSING_OR_NA","NONE","SEMANTIC_SIGNAL_NOT_VERIFIED","MISSING_OR_NA","N/A_OR_REVIEW","STANDARD","IMPLEMENTED_PAGE_SURFACE","NOT_VERIFIED_TO_PAGE_DOD","B_EXISTS_UX_WEAK","REFACTOR_INCREMENTALLY","7_MAJOR_OFFICE_WORKFLOWS","85"
"/subcontracts/variations","apps/web/app/subcontracts/variations/page.tsx","subcontracts","Commercial & Contracts","Variations","Variations operational work surface","Commercial; contracts; quantity surveyors; project managers; finance","API guard-derived permissions; page-level visibility NOT VERIFIED","tenant + organization","register-or-workspace","/api/... | /api/subcontracts | /api/subcontracts/variations | /api/subcontracts/variations/${id}/${action} | /api/v1/ | /api/v1/...","Detected in UI source; verify against domain state machine","sub-variations-client","apps/web/app/subcontracts/loading.tsx","PRESENT_SIGNAL_NOT_VERIFIED","apps/web/app/subcontracts/error.tsx","NOT_VERIFIED","MISSING_OR_NA","PRESENT_SIGNAL_NOT_VERIFIED","MISSING_OR_NA","MISSING_OR_NA","MISSING_OR_NA","NONE","SEMANTIC_SIGNAL_NOT_VERIFIED","MISSING_OR_NA","N/A_OR_REVIEW","STANDARD","IMPLEMENTED_PAGE_SURFACE","NOT_VERIFIED_TO_PAGE_DOD","B_EXISTS_UX_WEAK","REFACTOR_INCREMENTALLY","7_MAJOR_OFFICE_WORKFLOWS","48"
"/tendering/pricing","apps/web/app/tendering/pricing/page.tsx","tendering","Sales & Pre-Award","Pricing","Pricing operational work surface","Sales; estimators; sales managers; bid and tender teams","API guard-derived permissions; page-level visibility NOT VERIFIED","tenant + organization","register-or-workspace","/api/... | /api/tendering/pricing/sheets/csv | /api/tendering/tenders/${s.tenderId}/pricing/csv | /api/tendering/tenders/pricing/sheets | /api/v1/ | /api/v1/...","Detected in UI source; verify against domain state machine","","apps/web/app/tendering/loading.tsx","PRESENT_SIGNAL_NOT_VERIFIED","apps/web/app/tendering/error.tsx","NOT_VERIFIED","MISSING_OR_NA","MISSING_OR_NA","MISSING_OR_NA","MISSING_OR_NA","MISSING_OR_NA","NONE","SEMANTIC_SIGNAL_NOT_VERIFIED","LINK_SIGNAL_NOT_VERIFIED","N/A_OR_REVIEW","STANDARD","IMPLEMENTED_PAGE_SURFACE","NOT_VERIFIED_TO_PAGE_DOD","B_EXISTS_UX_WEAK","REFACTOR_INCREMENTALLY","7_MAJOR_OFFICE_WORKFLOWS","106"
"/tendering/tenders/[id]","apps/web/app/tendering/tenders/[id]/page.tsx","tendering","Sales & Pre-Award","Tenders","Tendering record detail and governed actions","Sales; estimators; sales managers; bid and tender teams","API guard-derived permissions; page-level visibility NOT VERIFIED","tenant + organization","record-detail","/api/... | /api/tendering/bid-scores | /api/tendering/bid-scores?tenderId=${tenderId} | /api/tendering/tenders/${id} | /api/tendering/tenders/${tender.id}/boq | /api/tendering/tenders/${tender.id}/boq/import | /api/tendering/tenders/${tender.id}/boq/items/${itemId} | /api/tendering/tenders/${tender.id}/boq/upload | /api/tendering/tenders/${tender.id}/status | /api/tendering/tenders/${tenderId}/clarifications | /api/tendering/tenders/${tenderId}/clarifications/${c.id}/answer | /api/v1/ | /api/v1/...","Detected in UI source; verify against domain state machine","record-chrome | tender-detail","apps/web/app/tendering/loading.tsx","PRESENT_SIGNAL_NOT_VERIFIED","apps/web/app/tendering/error.tsx","NOT_VERIFIED","MISSING_OR_NA","PRESENT_SIGNAL_NOT_VERIFIED","MISSING_OR_NA","MISSING_OR_NA","MISSING_OR_NA","NONE","SEMANTIC_SIGNAL_NOT_VERIFIED","LINK_SIGNAL_NOT_VERIFIED","STANDARD_SIGNAL_PRESENT","STANDARD","IMPLEMENTED_PAGE_SURFACE","NOT_VERIFIED_TO_PAGE_DOD","B_EXISTS_UX_WEAK","REFACTOR_TO_RECORD_360_STANDARD","7_MAJOR_OFFICE_WORKFLOWS","57"
"/tendering/tenders/[id]/pricing","apps/web/app/tendering/tenders/[id]/pricing/page.tsx","tendering","Sales & Pre-Award","Pricing","Tenders record detail and governed actions","Sales; estimators; sales managers; bid and tender teams","API guard-derived permissions; page-level visibility NOT VERIFIED","tenant + organization","record-detail","/api/... | /api/tendering/tenders/${id} | /api/tendering/tenders/${tenderId}/pricing | /api/tendering/tenders/${tenderId}/pricing/csv | /api/tendering/tenders/${tenderId}/pricing/items/${item.id} | /api/tendering/tenders/${tenderId}/quotation | /api/v1/ | /api/v1/...","Detected in UI source; verify against domain state machine","record-chrome | tender-pricing-client","apps/web/app/tendering/loading.tsx","PRESENT_SIGNAL_NOT_VERIFIED","apps/web/app/tendering/error.tsx","NOT_VERIFIED","PRESENT_SIGNAL_NOT_VERIFIED","MISSING_OR_NA","MISSING_OR_NA","PRESENT_SIGNAL_NOT_VERIFIED","MISSING_OR_NA","NONE","SEMANTIC_SIGNAL_NOT_VERIFIED","LINK_SIGNAL_NOT_VERIFIED","STANDARD_SIGNAL_PRESENT","STANDARD","IMPLEMENTED_PAGE_SURFACE","NOT_VERIFIED_TO_PAGE_DOD","B_EXISTS_UX_WEAK","REFACTOR_TO_RECORD_360_STANDARD","7_MAJOR_OFFICE_WORKFLOWS","57"
"/tendering/tenders","apps/web/app/tendering/tenders/page.tsx","tendering","Sales & Pre-Award","Tenders","Tenders operational work surface","Sales; estimators; sales managers; bid and tender teams","API guard-derived permissions; page-level visibility NOT VERIFIED","tenant + organization","register-or-workspace","/api/... | /api/contracts/contracts | /api/crm/accounts | /api/crm/quotations | /api/tendering/tenders | /api/tendering/tenders/${t.id}/status | /api/tendering/tenders/pricing/sheets | /api/v1/ | /api/v1/...","Detected in UI source; verify against domain state machine","tenders-client","apps/web/app/tendering/loading.tsx","PRESENT_SIGNAL_NOT_VERIFIED","apps/web/app/tendering/error.tsx","NOT_VERIFIED","PRESENT_SIGNAL_NOT_VERIFIED","PRESENT_SIGNAL_NOT_VERIFIED","MISSING_OR_NA","MISSING_OR_NA","MISSING_OR_NA","FLUID_ONLY","SEMANTIC_SIGNAL_NOT_VERIFIED","LINK_SIGNAL_NOT_VERIFIED","N/A_OR_REVIEW","STANDARD","IMPLEMENTED_PAGE_SURFACE","NOT_VERIFIED_TO_PAGE_DOD","B_EXISTS_UX_WEAK","REFACTOR_INCREMENTALLY","7_MAJOR_OFFICE_WORKFLOWS","59"
"/views","apps/web/app/views/page.tsx","views","Workplace & Collaboration","Views","Views operational work surface","All authorized users; managers; document controllers","API guard-derived permissions; page-level visibility NOT VERIFIED","tenant + organization","register-or-workspace","","None detected / NOT VERIFIED","","apps/web/app/views/loading.tsx","MISSING","apps/web/app/views/error.tsx","NOT_VERIFIED","MISSING_OR_NA","MISSING_OR_NA","MISSING_OR_NA","MISSING_OR_NA","PRESENT_SIGNAL_NOT_VERIFIED","NONE","NOT_VERIFIED","MISSING_OR_NA","N/A_OR_REVIEW","STANDARD","IMPLEMENTED_PAGE_SURFACE","NOT_VERIFIED_TO_PAGE_DOD","B_EXISTS_UX_WEAK","REFACTOR_INCREMENTALLY","8_REMAINING_SUITES","7"
"/workspace","apps/web/app/workspace/page.tsx","workspace","Workplace & Collaboration","Workspace","Workspace operational work surface","All authorized users; managers; document controllers","API guard-derived permissions; page-level visibility NOT VERIFIED","tenant + organization","register-or-workspace","/api/... | /api/comms/channels | /api/comms/channels/${encodeURIComponent | /api/comms/dm | /api/comms/mail | /api/comms/mail/${encodeURIComponent | /api/inbox | /api/notifications | /api/notifications/${id}/read | /api/notifications/${n.id}/read | /api/search?q=${encodeURIComponent | /api/v1/ | /api/v1/... | /api/views | /api/views/${id} | /api/workspace/me | /api/workspace/users","Detected in UI source; verify against domain state machine","workspace-hub-client","apps/web/app/workspace/loading.tsx","PRESENT_SIGNAL_NOT_VERIFIED","apps/web/app/workspace/error.tsx","NOT_VERIFIED","PRESENT_SIGNAL_NOT_VERIFIED","PRESENT_SIGNAL_NOT_VERIFIED","MISSING_OR_NA","MISSING_OR_NA","PRESENT_SIGNAL_NOT_VERIFIED","NONE","SEMANTIC_SIGNAL_NOT_VERIFIED","LINK_SIGNAL_NOT_VERIFIED","N/A_OR_REVIEW","STANDARD","IMPLEMENTED_PAGE_SURFACE","NOT_VERIFIED_TO_PAGE_DOD","B_EXISTS_UX_WEAK","REFACTOR_INCREMENTALLY","3_GLOBAL_SHELL_AND_HOME","49"
